temperature,humidity,final_label
10.0762,19.2200,1
10.1876,20.7054,1
9.5122,19.0234,1
10.0320,22.5214,1
9.9958,22.1188,1
10.2198,23.3420,1
10.0165,26.3627,1
10.1169,24.8728,1
10.0922,24.7981,1
10.2196,28.2384,1
9.9538,27.7652,1
10.3056,28.1600,1
9.8929,30.7704,1
10.1331,31.3086,1
10.1032,31.3576,1
10.5354,33.4883,1
9.8719,33.1828,1
10.1540,34.6398,1
9.9715,35.9216,1
9.7939,37.0397,1
10.1858,36.9591,1
9.8336,39.4845,1
10.0292,39.4744,1
10.2179,39.4780,1
10.1697,42.1196,1
10.0723,42.5424,1
9.6357,41.8292,1
9.8824,44.3484,1
9.9312,45.9488,1
9.7835,45.5538,1
9.5793,47.3350,1
10.0407,48.0259,1
10.1778,48.1812,1
9.9128,49.9981,1
10.2145,50.2014,1
9.6811,49.4949,1
9.7701,53.4763,1
10.0356,53.6213,1
9.8932,53.2224,1
10.1564,55.6301,1
10.1142,55.3656,1
9.9092,55.5758,1
9.7010,58.9859,1
9.8826,58.6301,1
10.1202,58.9556,1
10.1663,61.3054,1
9.8942,61.3195,1
9.5782,60.2940,1
9.6693,63.3900,1
10.0999,63.4588,1
9.9055,65.1124,1
9.9109,67.4497,1
9.7666,66.7425,1
9.7625,66.6423,1
10.2101,68.3597,1
10.1086,69.8335,1
9.8515,68.5706,1
10.0180,72.0167,1
10.0582,72.4302,1
10.4004,72.2343,1
9.7441,75.3069,2
10.0550,76.1918,2
10.2088,75.4401,2
10.3658,77.0395,2
9.8401,77.2361,2
9.9025,76.8985,2
10.1588,80.5230,2
9.6323,79.9280,2
10.0784,81.3183,2
10.4992,85.6337,2
10.1036,82.7061,2
9.4670,83.6491,2
9.7968,85.8954,2
9.8470,86.1013,2
10.2665,86.3247,2
9.9603,88.1888,2
9.5813,88.6008,2
9.9866,90.2915,2
10.0326,92.4612,2
9.8752,90.8354,2
9.7587,91.1802,2
10.5321,93.8667,2
10.2096,93.8056,2
10.2329,94.7715,2
9.9608,97.2108,3
9.8363,97.5759,3
9.8863,96.3222,3
9.6805,100.1294,3
10.3948,100.1200,3
9.9703,100.2144,3
11.8782,20.1645,1
11.4490,20.8297,1
11.6589,21.1518,1
11.5975,21.8403,1
11.2097,23.9968,1
11.9826,22.6240,1
11.4559,26.6133,1
11.2750,24.8462,1
11.7126,25.2213,1
11.5504,28.1533,1
11.6361,29.3315,1
11.5744,28.7588,1
11.0392,30.9979,1
11.3409,30.1204,1
11.3322,30.7839,1
11.7807,32.7983,1
11.5594,33.4300,1
11.4698,34.5452,1
11.6863,37.5548,1
11.5131,36.0298,1
11.4958,36.7336,1
11.5959,38.4971,1
11.5743,39.4815,1
12.1811,40.7180,1
11.3384,41.8534,1
11.1859,41.6259,1
11.6306,42.9734,1
11.3695,44.3370,1
11.0149,44.7056,1
11.2861,44.4305,1
11.3325,47.5155,1
11.1123,46.4859,1
12.0840,46.6206,1
11.2775,51.7225,1
12.2780,49.4662,1
11.4597,50.6010,1
11.9839,52.3633,1
11.4904,53.6865,1
11.6604,52.8213,1
11.5183,54.8309,1
11.4922,55.6623,1
11.6098,55.4456,1
11.6696,59.3802,1
11.5906,58.8845,1
11.5650,58.6208,1
11.3713,61.6167,1
11.5274,62.9492,1
11.9451,61.6687,1
11.3610,63.3036,1
11.8495,64.3350,1
11.6718,62.8295,1
11.7836,67.2374,1
11.2741,66.5429,1
11.6177,66.9359,1
11.4787,69.5776,1
11.4887,69.7696,1
11.9196,67.7302,1
11.4925,72.5462,1
11.6257,72.1349,1
11.1125,72.6598,1
11.9836,74.0220,1
11.7677,74.9260,1
11.5364,74.3827,1
11.4681,78.9061,2
11.6974,79.2303,2
11.8461,78.2604,2
11.9877,81.0189,2
11.7587,80.4672,2
11.5684,80.1666,2
11.7991,82.5645,2
11.7473,83.3053,2
11.8445,84.0114,2
12.0069,86.7550,2
11.1587,86.1567,2
11.2587,85.8182,2
11.9295,89.4437,2
11.3770,88.2052,2
11.5599,88.0531,2
11.3839,91.9581,2
11.8406,92.1807,2
10.9789,91.9524,2
11.5697,94.7932,2
11.9558,92.9353,2
11.4039,94.9259,2
11.1563,98.3483,3
11.6438,97.8763,3
11.4090,97.8517,3
11.8188,100.1747,3
11.6103,100.2028,3
11.3359,99.8894,3
13.0653,20.2875,1
13.3534,19.2061,1
13.0722,21.1111,1
12.9176,22.1419,1
13.1540,23.3919,1
13.1063,23.7553,1
13.3176,26.1486,1
13.2420,27.2630,1
13.0522,24.0146,1
13.5045,27.9326,1
13.1304,29.2580,1
12.7029,27.3371,1
12.7031,30.4389,1
13.2134,31.4276,1
13.1725,29.9749,1
12.5259,33.8339,1
12.9855,34.1376,1
13.2789,33.8968,1
13.2935,36.7236,1
13.2360,36.0232,1
13.0585,36.6993,1
13.3086,39.0150,1
13.2337,39.1110,1
13.0741,39.9325,1
12.6052,41.0966,1
12.7329,40.3188,1
12.9339,42.6310,1
13.0322,44.9759,1
13.3758,45.8233,1
13.0862,45.8428,1
13.1265,46.9582,1
12.9548,46.4758,1
12.8814,47.3177,1
13.3043,51.6354,1
12.7579,50.6395,1
12.8433,50.7009,1
13.0707,51.7303,1
13.3355,52.6497,1
12.9700,52.3011,1
12.9399,56.1830,1
13.0561,56.1086,1
13.1939,56.8526,1
13.0178,57.5130,1
13.3703,58.3721,1
13.3821,58.9082,1
13.0707,61.6409,1
13.5912,62.9370,1
13.1208,61.4995,1
13.3725,63.5037,1
13.1867,64.1185,1
13.1819,63.5129,1
12.7061,65.3418,1
12.8241,66.5525,1
13.0302,68.3495,1
13.3799,68.9336,1
13.1904,69.3499,1
13.0324,69.7942,1
13.2582,72.1593,1
13.3694,71.5573,1
13.1050,74.3620,1
13.1592,76.2473,2
13.1263,75.6080,2
13.0893,75.0446,2
12.9086,78.2538,2
12.8906,78.4302,2
13.3748,78.2059,2
13.0319,81.0301,2
13.0263,81.3913,2
12.6456,80.4380,2
12.6057,82.3270,2
13.4444,84.1197,2
12.9236,82.3214,2
12.3623,85.7993,2
13.7086,86.5331,2
12.9636,86.5557,2
12.7132,88.7425,2
13.1283,88.9009,2
13.3011,89.2240,2
13.2705,91.2079,2
13.3279,92.9458,2
12.8609,91.0584,2
13.4374,94.3392,2
13.4544,94.1509,2
13.4672,94.5814,2
13.1680,98.4149,3
13.0130,96.5355,3
12.9913,97.5806,3
12.7120,100.4781,3
12.9688,100.8609,3
12.5049,99.4101,3
14.2336,19.3803,1
14.7171,19.8656,1
14.5918,19.8806,1
14.7060,22.0022,1
14.8319,23.2556,1
14.7514,23.1760,1
14.7293,27.0435,1
14.6334,25.2869,1
14.4668,24.7430,1
14.3441,27.6093,1
14.6375,28.5266,1
14.6680,27.7017,1
14.8802,31.5890,1
14.6153,30.5448,1
14.7923,31.1755,1
14.2931,33.7421,1
14.7207,33.1183,1
14.7026,32.7020,1
14.9892,37.4877,1
14.5920,36.8243,1
14.0527,35.6845,1
14.5817,38.5062,1
14.8338,40.8083,1
14.3610,38.6822,1
14.7140,43.2773,1
14.3496,42.2557,1
15.1105,40.8301,1
14.3349,44.5099,1
14.5250,45.4370,1
14.7156,43.4964,1
14.7840,47.1531,1
14.9738,47.1155,1
14.4960,47.9921,1
14.8459,50.6809,1
14.2338,50.7484,1
14.3966,50.5213,1
14.2992,53.4382,1
14.4535,52.1415,1
14.8336,53.2847,1
14.5017,56.9505,1
14.5450,55.8862,1
14.7224,55.3973,1
14.7730,58.2206,1
14.5523,59.6427,1
14.3950,56.8111,1
15.0579,63.2913,1
14.5539,59.9267,1
14.5776,61.1646,1
14.6077,63.3029,1
14.8001,64.5313,1
14.2816,64.6623,1
15.1683,67.0255,1
14.5708,66.7900,1
14.8090,65.5985,1
14.6963,69.3623,1
15.1171,69.5245,1
15.0721,68.8274,1
14.8020,72.6533,1
14.4379,72.5468,1
14.9583,72.1710,1
14.2322,75.1592,2
14.4296,74.9157,1
14.6348,73.8932,1
14.2513,78.2926,2
14.5245,76.0075,2
14.8514,78.1353,2
14.4767,79.7020,2
14.8641,80.9517,2
15.2508,81.0048,2
14.7521,83.3231,2
14.8594,83.9171,2
14.9681,83.0573,2
14.5463,85.8476,2
14.8529,87.3307,2
14.5405,85.8883,2
14.7337,88.7812,2
14.8932,87.2767,2
14.4485,88.3787,2
14.0751,91.0014,2
14.4264,91.5733,2
14.9334,91.5403,2
14.3975,94.4400,2
14.9175,93.7508,2
14.4275,94.9017,2
14.5998,97.7270,3
14.6518,97.7676,3
14.3964,97.2323,3
14.6025,99.0881,3
14.2643,100.5143,3
14.5674,99.2333,3
16.1829,20.8460,1
15.6367,18.8775,1
15.9762,21.0959,1
16.2775,23.3341,1
15.9219,21.9190,1
16.3188,22.8023,1
16.3441,25.3765,1
16.2764,25.6358,1
16.4013,26.1225,1
15.8019,26.5904,1
16.4573,29.1667,1
15.9517,26.8810,1
16.2317,31.7326,1
16.6563,31.4217,1
16.1140,30.3646,1
16.2098,33.5687,1
15.9531,35.3297,1
16.6532,34.6451,1
15.9767,37.1930,1
16.3668,36.8836,1
16.5193,37.0283,1
16.3919,39.7880,1
16.2921,37.9726,1
16.2278,38.8932,1
15.8869,43.3303,1
16.6391,43.0884,1
16.2707,43.0819,1
16.2099,44.9797,1
15.9335,45.1253,1
16.2220,43.8506,1
16.1941,47.5264,1
16.6563,48.2569,1
16.2098,47.7728,1
16.2179,50.1926,1
15.9363,50.2315,1
16.0204,49.4071,1
16.3347,53.3969,1
15.7602,53.0114,1
16.4558,53.8979,1
16.4634,55.8913,1
15.9956,55.0493,1
16.2930,56.1465,1
16.5287,59.4457,1
16.1738,57.6875,1
16.1271,58.7836,1
16.1564,60.9459,1
16.2701,61.0013,1
16.0499,61.6129,1
16.1064,64.3210,1
16.2752,63.2834,1
16.0866,65.2163,1
15.9164,65.3091,1
15.7414,66.9184,1
16.2146,66.8083,1
16.5104,67.6505,1
16.3059,70.8262,1
15.9250,69.3703,1
16.0187,71.7430,1
16.1253,73.4844,1
16.6662,72.1618,1
16.6832,75.1991,2
16.6453,75.1024,2
16.2397,75.4465,2
17.0016,78.5695,2
16.0301,78.6578,2
16.1164,77.5637,2
16.4340,80.7130,2
16.2765,80.7001,2
16.2910,81.0084,2
15.7227,83.9482,2
15.9614,82.3666,2
16.1923,83.5113,2
16.0335,86.8302,2
15.8714,85.9017,2
16.0607,86.1720,2
16.2766,88.2096,2
16.3880,89.0128,2
15.7339,87.4966,2
16.2038,91.5584,2
16.1810,91.7031,2
16.2633,92.4349,2
15.9291,93.6038,2
15.9336,94.6994,2
16.5181,94.1593,2
15.5815,95.9634,3
15.9986,96.8231,3
16.1048,97.2703,3
16.1290,100.7870,3
16.0379,99.3533,3
16.3266,98.8483,3
17.8560,20.0769,1
17.7218,21.1912,1
17.6031,21.5452,1
17.7023,21.8009,1
17.7761,21.9514,1
17.5707,23.0564,1
17.8975,25.0506,1
18.0055,26.3854,1
18.1177,25.9143,1
18.0995,26.8653,1
17.6791,27.6256,1
17.7884,27.8473,1
17.7171,32.4461,1
17.7162,31.3448,1
17.7006,31.0913,1
17.7601,34.1293,1
18.0499,35.0286,1
17.8360,34.2353,1
17.4709,36.4858,1
17.9937,37.2012,1
17.8115,37.2165,1
17.8813,40.2106,1
17.8310,39.0436,1
17.8426,37.1124,1
17.8543,39.3327,1
17.3278,42.4078,1
17.8780,41.1971,1
17.5806,45.8555,1
17.6376,46.5098,1
17.7581,45.1336,1
18.1628,47.6845,1
17.5080,47.5039,1
17.7497,46.5626,1
17.6947,49.7882,1
17.9897,50.3708,1
17.6879,50.2652,1
17.8144,53.5661,1
17.5087,52.3223,1
18.0348,52.7942,1
17.4044,56.1949,1
17.8745,54.7140,1
17.8160,56.4138,1
17.8522,59.0947,1
17.4076,58.8690,1
17.6830,58.2586,1
17.9763,62.4888,1
18.2072,62.3654,1
17.7312,61.6439,1
17.9503,64.2288,1
17.7913,64.7557,1
17.7438,63.5910,1
17.6550,67.3720,1
17.7594,67.1517,1
17.9261,66.6154,1
17.9477,69.9393,1
17.4499,70.7369,1
17.6334,68.4138,1
17.4974,71.6480,1
17.7717,72.2084,1
17.6744,72.8786,1
17.8436,75.4094,2
17.8611,75.6345,2
17.2316,74.8991,1
17.2136,77.9581,2
17.7575,78.7152,2
18.0555,78.0831,2
17.6335,81.0535,2
17.6266,80.6886,2
18.0052,80.2713,2
17.9600,83.9563,2
17.5199,84.1787,2
17.9333,83.5247,2
17.5680,85.5625,2
17.6242,86.6138,2
17.5197,86.5350,2
17.4482,88.8125,2
17.7860,90.7994,2
17.4143,90.0695,2
17.7961,92.0325,2
17.7882,92.0577,2
17.7202,92.8147,2
17.6445,95.3319,3
17.5975,94.4376,2
17.4906,94.8240,2
18.1199,97.1834,3
17.7094,96.4054,3
17.7013,96.0468,3
17.5304,100.1701,3
18.0884,102.1069,3
17.6120,101.0765,3
19.3713,19.8866,1
19.4185,20.0464,1
19.3379,19.6938,1
18.9608,21.6009,1
19.4737,22.5511,1
19.1613,22.7650,1
19.5091,25.6525,1
19.1463,26.4370,1
19.7051,25.8882,1
19.5538,29.2073,1
19.5929,28.7364,1
19.4599,28.6656,1
19.0360,31.5600,1
18.9714,30.4385,1
19.6362,31.6646,1
19.6822,33.5893,1
19.0223,33.6128,1
19.3359,33.8523,1
19.5938,36.2808,1
19.3984,35.8103,1
19.4229,36.5541,1
19.1229,39.1335,1
19.2643,39.1077,1
19.7532,39.2365,1
19.2494,40.4959,1
19.0868,41.8717,1
19.1389,43.1052,1
19.2691,45.7939,1
19.3258,44.8555,1
19.2881,44.8304,1
19.7400,45.8465,1
18.8100,47.1788,1
19.3140,48.1038,1
19.4286,50.0566,1
19.5651,51.1175,1
19.3564,51.0668,1
19.3785,52.6823,1
19.4848,53.1864,1
19.3107,54.2082,1
18.6976,54.7988,1
19.0136,55.5896,1
19.2467,54.7316,1
19.0641,57.9751,1
19.9247,59.9720,1
19.2074,58.3480,1
19.0230,59.9482,1
19.2811,60.6309,1
19.2891,60.1792,1
19.1199,64.2494,1
19.4019,64.4510,1
18.9802,64.7789,1
19.1103,67.3712,1
19.3077,65.8643,1
19.2313,67.1706,1
19.4636,69.5494,1
19.6933,70.4108,1
19.2462,70.2178,1
19.7938,73.8842,1
19.0033,71.7189,1
19.6816,71.6201,1
18.9797,74.8078,1
19.4154,75.0956,2
19.1477,74.6668,1
19.1323,77.2714,2
19.8808,78.1542,2
19.5320,77.5642,2
19.2639,80.1545,2
18.6474,79.6562,2
18.8577,79.0023,2
19.0115,84.4420,2
19.2992,84.4162,2
19.4131,84.0352,2
19.0851,86.5999,2
19.4925,85.7744,2
19.4502,86.6315,2
19.1730,88.1234,2
19.0143,89.0304,2
19.3921,88.3711,2
19.3170,92.1520,2
19.4649,92.8880,2
19.6296,90.9732,2
19.7312,94.0845,2
19.5716,94.5337,2
19.2073,93.1270,2
19.2675,96.0718,3
19.5522,98.3790,3
19.1111,97.4679,3
19.1290,99.5286,3
19.5040,99.9711,3
19.7453,99.6383,3
21.1119,20.0731,1
21.0610,19.6646,1
20.8497,19.9134,1
20.6531,23.2552,1
21.0246,23.2038,1
21.2463,23.8456,1
20.7683,25.7970,1
20.7062,25.5348,1
20.7121,26.7323,1
20.9530,28.1123,1
21.1605,26.6479,1
20.3585,28.8727,1
20.8772,31.2223,1
20.5305,31.0171,1
21.3629,31.6526,1
20.9045,33.4638,1
20.7634,32.1962,1
20.9265,34.4272,1
20.4682,36.0557,1
20.5727,35.8277,1
20.8754,34.9884,1
21.0156,39.8757,1
20.7993,37.4498,1
20.6130,40.2350,1
20.1676,41.8083,1
20.5671,42.6724,1
20.6933,42.3719,1
21.0034,46.2048,1
20.8113,45.1096,1
20.4908,45.7204,1
20.6719,47.1656,1
20.8565,46.4140,1
20.9193,48.3118,1
20.9353,49.1532,1
20.8311,50.9013,1
20.3926,49.5388,1
21.0812,53.3060,1
20.9651,54.4981,1
20.9792,53.5969,1
21.5398,55.7017,1
20.6626,56.1829,1
20.9718,55.4670,1
20.6040,60.3531,1
20.9438,58.0715,1
21.0911,58.5388,1
20.7988,61.8010,1
20.5391,61.6438,1
21.3403,61.7289,1
20.7680,63.7576,1
20.7595,63.9475,1
20.7676,64.8252,1
20.4288,67.5431,1
20.7671,67.1793,1
20.5803,67.8930,1
21.1735,70.3749,1
20.4834,70.2770,1
20.9633,68.4512,1
20.8560,72.6872,1
21.0011,72.5467,1
20.9349,73.5190,1
21.1686,73.0221,1
20.7827,75.0489,2
20.4240,75.2430,2
21.1743,77.1161,2
20.9462,77.2442,2
20.6941,79.0391,2
20.7264,81.0363,2
20.3943,82.0864,2
21.0127,80.5528,2
21.0060,82.3909,2
21.1577,83.2053,2
20.8111,83.0795,2
20.7169,86.7279,2
20.9260,86.6957,2
20.8599,86.5918,2
20.7574,90.6378,2
20.4701,89.9112,2
21.2040,88.3264,2
21.4194,92.4708,2
21.1049,91.7452,2
20.8078,91.5671,2
20.9597,95.5336,3
20.9074,93.7992,2
21.0682,95.1736,3
21.0257,97.8005,3
20.7943,96.5446,3
20.6450,96.0148,3
20.9213,99.9374,3
20.7521,97.7833,3
20.5502,100.8406,3
22.2476,20.2704,1
22.0661,21.0790,1
22.3778,20.2175,1
22.9952,23.8960,1
22.3372,22.3137,1
22.3324,23.1410,1
22.3875,25.2208,1
22.7806,25.4316,1
22.9887,25.5853,1
22.8601,28.5439,1
22.6545,27.7324,1
22.2004,28.6206,1
22.6609,31.0647,1
22.0922,30.0143,1
22.0570,29.7088,1
22.4412,34.6369,1
22.4104,32.0978,1
22.3661,33.6710,1
22.9378,35.4589,1
22.3161,37.8311,1
22.5263,36.9742,1
22.4424,39.5578,1
22.6082,38.7032,1
22.6333,38.2806,1
22.4959,42.2030,1
22.2597,42.0520,1
22.2582,41.2652,1
22.3254,43.9996,1
22.4945,43.9650,1
22.5918,43.9415,1
22.2722,47.1178,1
22.7451,47.8339,1
22.3609,47.9602,1
21.8870,50.3125,1
22.9132,50.4441,1
22.4308,50.7559,1
22.6377,51.6053,1
21.9932,53.2612,1
22.2351,54.0875,1
22.3350,54.4112,1
22.0968,53.7998,1
22.3553,55.7208,1
22.3077,59.4298,1
22.7134,58.4929,1
21.8801,59.0837,1
22.5526,61.6114,1
22.6592,60.5057,1
22.9160,60.6597,1
22.6011,62.8724,1
22.1812,65.2752,1
22.3486,64.7679,1
22.4730,66.8178,1
22.7548,66.7191,1
21.9686,66.2941,1
22.5516,69.9518,1
22.0220,69.1119,1
22.2684,69.3811,1
22.0698,71.9425,1
22.2316,72.9924,1
22.6161,72.3044,1
22.3158,75.2774,2
22.2097,74.3123,1
22.1787,74.6963,1
22.1229,78.0526,2
22.5962,76.7407,2
22.4201,77.7661,2
22.4992,80.6800,2
22.0504,79.7429,2
22.4211,81.4612,2
21.8602,83.7076,2
22.7112,83.3335,2
22.5513,82.9210,2
22.3840,84.9912,2
21.8277,86.9140,2
22.1675,85.8652,2
22.0672,87.9080,2
22.3703,88.4183,2
22.5083,89.3049,2
22.4940,91.9031,2
22.8082,90.9234,2
22.4001,92.5737,2
22.7299,93.4164,2
22.3357,95.5014,3
22.5408,94.6292,2
22.3594,96.9535,3
22.4858,97.0521,3
22.4031,97.3003,3
22.2443,100.3991,3
23.1424,98.6673,3
22.4948,99.4299,3
24.1099,20.0349,1
24.1560,20.8816,1
24.0136,20.8490,1
23.3794,23.9515,1
24.0593,23.5670,1
23.6605,22.1355,1
24.0020,25.5045,1
24.0363,26.3306,1
23.5242,26.2476,1
23.9676,28.1230,1
23.5977,28.6531,1
23.3620,28.7622,1
23.5925,31.0746,1
23.9357,31.9116,1
23.9209,30.5139,1
23.8389,34.7478,1
24.0996,33.5039,1
23.9064,32.6177,1
24.0626,35.2319,1
24.1535,36.6482,1
24.5623,35.7266,1
23.9399,40.6591,1
24.2634,38.7882,1
24.0215,39.3118,1
24.0360,41.5450,1
23.9432,40.8704,1
23.9993,42.4065,1
23.9087,43.6163,1
24.2127,45.1010,1
23.7840,44.6171,1
23.5903,46.8172,1
23.8311,48.5075,1
23.8056,48.0664,1
23.8309,50.5308,1
23.9302,50.9996,1
23.8318,49.1654,1
23.6200,52.7045,1
23.6533,53.4111,1
23.8491,54.8844,1
23.5311,56.0148,1
23.6835,55.4920,1
24.0009,54.1180,1
24.0247,60.0479,1
23.8522,58.8155,1
24.2217,58.4977,1
23.8203,59.6725,1
24.1258,61.2944,1
23.7123,61.4743,1
23.8196,63.7416,1
24.1171,63.1341,1
24.2273,63.0897,1
23.7998,68.3388,1
24.2474,66.9698,1
23.7304,66.4996,1
23.9838,69.6833,1
23.9428,69.6320,1
23.9119,68.5737,1
23.8364,73.0998,1
23.6234,72.2716,1
23.7606,72.4973,1
23.8684,76.2805,2
24.0922,74.1886,1
24.1333,74.5914,1
23.8213,78.1664,2
23.8426,78.6007,2
23.7719,77.4668,2
23.8014,80.2654,2
24.2403,81.1613,2
24.3930,82.3904,2
23.7078,83.5011,2
23.6715,82.8651,2
23.8080,82.6554,2
23.7025,86.0987,2
23.6613,86.8385,2
23.7361,88.3141,2
23.8527,89.0195,2
23.6417,90.2451,2
24.2454,89.1882,2
23.6288,91.8821,2
23.6852,92.8209,2
24.1678,91.7957,2
23.3564,93.7452,2
24.1375,95.3924,3
24.2428,93.2887,2
24.0409,98.0030,3
23.5509,97.2355,3
24.0340,97.0158,3
23.5025,99.7557,3
23.8837,99.8889,3
23.8246,99.6677,3
25.5073,20.3318,1
25.4411,19.6928,1
25.5403,18.5593,1
25.6365,22.7582,1
25.5272,23.4792,1
25.0290,21.2782,1
25.5857,25.5119,1
25.5598,25.1706,1
25.6833,26.2167,1
25.6382,28.0802,1
24.9903,28.8528,1
25.8227,28.7593,1
25.2973,31.5398,1
25.7324,32.2036,1
25.2982,30.8646,1
25.7041,33.8362,1
25.2379,34.1041,1
25.6619,33.8591,1
25.5721,36.3577,1
25.8868,35.8762,1
25.3704,36.5600,1
25.7370,38.1873,1
25.1897,37.7820,1
25.5254,38.4716,1
25.4211,42.5650,1
25.3569,42.2424,1
25.4424,42.5731,1
25.6360,44.3086,1
25.4751,45.6104,1
25.6156,43.7799,1
25.6811,46.7727,1
25.8704,48.3543,1
25.5897,47.7041,1
25.4650,50.8537,1
25.4245,50.5215,1
25.7352,49.9235,1
25.3632,52.2077,1
25.2511,51.7322,1
25.6997,54.4601,1
25.8736,54.6425,1
25.6985,56.9286,1
25.4030,55.9382,1
25.0153,58.8207,1
25.2514,58.7704,1
25.1269,59.0278,1
25.7734,60.7919,1
25.2330,59.7623,1
25.4506,60.9431,1
25.1295,64.4777,1
25.4047,63.3311,1
25.3786,64.9414,1
25.6680,66.7990,1
25.6720,66.0259,1
25.5253,67.0070,1
25.3998,69.9818,1
25.3221,70.0375,1
25.6552,67.4673,1
25.8148,70.1281,1
25.3632,73.1828,1
25.4379,71.3142,1
25.2438,75.9426,2
25.0369,76.0192,2
25.5035,74.2781,1
25.3715,77.1681,2
25.7338,78.4804,2
25.0875,77.6283,2
25.3014,81.6598,2
25.1797,81.8928,2
25.5089,79.8182,2
25.3479,82.8471,2
25.1986,83.5194,2
25.2103,81.8130,2
25.4223,84.8548,2
25.3292,85.5251,2
25.2994,87.7076,2
25.5313,89.1495,2
25.0731,88.4750,2
25.5711,88.1971,2
25.7443,90.8221,2
25.4457,91.2846,2
25.5583,91.2438,2
25.4495,94.3057,2
25.3336,94.8466,2
25.5768,94.4163,2
25.4096,97.8388,3
25.4583,97.0114,3
25.5434,98.5138,3
25.1822,100.5774,3
25.0439,100.1630,3
25.9110,100.3665,3
27.1116,19.5797,1
27.0767,19.8110,1
26.8725,19.7826,1
27.1186,22.1832,1
26.8674,21.7384,1
27.1666,23.1676,1
27.1269,26.2411,1
27.0909,25.8112,1
27.1449,25.4486,1
26.9363,29.9365,1
26.9560,27.7765,1
27.1775,28.4648,1
26.7178,31.8765,1
27.0454,30.2013,1
27.3662,31.5037,1
26.7528,35.1260,1
27.2337,33.7855,1
27.4665,33.9126,1
27.0619,36.0565,1
27.2144,36.9092,1
27.0726,35.9592,1
27.1014,39.2580,1
26.7356,38.2065,1
27.2103,37.3589,1
27.1203,41.7104,1
27.3960,41.6989,1
27.2338,41.7713,1
27.0974,45.3802,1
26.9533,45.5750,1
26.8205,45.0485,1
27.2996,48.0812,1
27.5481,47.0136,1
26.7242,46.8405,1
27.2341,50.7183,1
27.0945,49.5026,1
27.2607,49.4263,1
27.3587,55.2465,1
27.1606,53.5408,1
26.9458,51.7458,1
26.9183,55.0424,1
26.7072,57.1538,1
27.1372,56.1468,1
26.9917,58.4910,1
27.3101,58.5964,1
27.2016,58.4737,1
26.9834,60.3241,1
26.5745,61.1831,1
27.0831,60.4147,1
27.0603,64.1782,1
26.5300,63.4516,1
27.1708,64.4282,1
26.7805,67.0154,1
27.3246,67.4794,1
27.0451,66.5456,1
26.9116,70.0060,1
27.1177,70.1272,1
27.1019,70.2692,1
27.0926,73.0023,1
27.2867,71.8104,1
26.6169,73.5714,1
27.1331,73.8866,1
26.8905,75.7513,2
26.9990,74.7884,1
27.4192,77.1456,2
26.8694,78.0896,2
27.1666,78.3033,2
27.2968,80.8386,2
27.1913,80.4952,2
27.0846,80.7703,2
27.1227,84.0277,2
27.2078,83.4814,2
26.8667,83.4990,2
27.0620,86.3518,2
27.6206,85.8141,2
27.1745,87.0082,2
27.0935,90.7189,2
26.9745,89.2086,2
26.8693,88.7019,2
27.1312,92.3589,2
27.1487,92.6685,2
27.0452,91.4750,2
27.7450,94.7784,2
26.8891,93.9621,2
26.8333,95.1852,3
26.9779,97.3369,3
27.0531,97.7900,3
26.8573,96.4347,3
27.1250,100.4507,3
27.1521,99.3929,3
27.2383,99.4421,3
28.4903,19.2920,1
28.9460,20.4751,1
28.7719,20.9354,1
29.3239,21.4767,1
28.4361,22.2965,1
28.4080,21.9504,1
28.5458,24.6048,1
28.7045,25.5560,1
28.7409,25.8980,1
28.7714,27.9958,1
29.1510,28.4517,1
28.1551,27.5241,1
28.1856,31.0475,1
28.5902,30.6832,1
29.1234,31.4462,1
28.8022,33.0948,1
28.3709,33.8207,1
28.6639,32.4009,1
28.5756,36.5623,1
28.5669,35.9417,1
28.4858,36.4191,1
28.6434,39.7639,1
28.8909,39.0896,1
28.5067,39.6386,1
28.7734,41.7433,1
28.8183,42.8037,1
28.9436,43.4027,1
28.4041,44.8380,1
28.6235,44.7540,1
28.4584,43.7134,1
28.6439,47.0099,1
28.6422,46.9907,1
28.3458,47.7619,1
28.6584,50.7793,1
29.1672,50.5528,1
28.7420,49.5367,1
28.2990,54.2906,1
28.3898,52.3205,1
28.6109,53.0358,1
28.3951,55.6333,1
28.9280,55.2576,1
28.2723,56.5690,1
28.7438,58.1553,1
28.2251,58.0622,1
28.6070,59.4949,1
28.3615,61.3159,1
28.7895,59.5934,1
28.8791,60.4925,1
28.7037,64.3229,1
28.8918,64.5511,1
28.0264,63.5493,1
28.6552,66.7503,1
28.7401,67.4886,1
28.7728,66.7358,1
28.1591,69.3136,1
28.7248,68.8373,1
28.7785,70.3365,1
28.6524,70.1160,1
28.3012,73.8284,1
28.4841,70.9257,1
28.9295,75.1824,2
28.8969,75.3801,2
28.7353,75.4447,2
28.7951,79.6391,2
28.8634,76.7458,2
28.7324,78.7871,2
28.9214,80.3697,2
28.9119,81.3855,2
29.2638,80.1272,2
28.4938,83.2187,2
28.4981,82.7808,2
27.9300,83.1223,2
28.7130,85.8370,2
29.1045,86.2169,2
28.9434,86.4030,2
28.8273,89.1749,2
28.9629,89.0075,2
28.7447,89.2403,2
28.5486,92.0279,2
29.1793,91.5213,2
28.7256,92.6675,2
28.9058,94.4915,2
28.0248,94.8703,2
28.0658,95.5852,3
28.6631,97.9911,3
28.3952,96.0770,3
28.6859,97.2162,3
28.4978,100.0635,3
29.3125,100.6259,3
28.8831,100.6329,3
30.5423,19.8574,1
29.6587,19.8586,1
30.3753,19.2726,1
30.1283,22.2398,1
30.5479,23.3207,1
30.3353,23.2248,1
30.1631,25.6654,1
29.8761,23.8774,1
30.2099,25.7602,1
30.4747,29.4544,1
30.5649,27.5273,1
30.0843,28.6361,1
30.8054,32.1446,1
30.4523,30.7436,1
29.9516,31.6262,1
29.8972,33.6143,1
30.1437,34.9878,1
30.0837,31.9637,1
30.2985,36.0275,1
30.1831,36.4867,1
30.1040,37.1445,1
29.7892,38.9226,1
30.3434,38.8498,1
29.7702,39.8118,1
30.4532,42.0352,1
29.6822,42.5984,1
29.7574,42.3006,1
29.9505,43.9577,1
30.0619,44.6901,1
30.0114,45.2691,1
30.0609,48.3214,1
30.2427,47.0630,1
29.9559,46.3506,1
30.2451,50.0789,1
29.5794,49.9430,1
29.9472,51.5266,1
29.7467,52.0224,1
30.4499,54.1210,1
29.9862,52.6294,1
30.3265,54.1167,1
29.7071,55.6515,1
30.5599,55.5353,1
30.1976,59.4710,1
30.6991,58.1881,1
30.1682,59.9872,1
29.7919,62.1500,1
29.9178,61.4562,1
30.1118,60.6608,1
29.9266,64.3452,1
30.4213,64.0406,1
30.1899,64.5663,1
29.9295,67.4513,1
30.3772,68.8493,1
30.0784,66.5530,1
30.3647,70.2695,1
30.0386,69.3528,1
30.3077,69.0345,1
30.0698,72.4810,1
30.4214,71.9603,1
29.7118,70.9763,1
29.8576,74.1875,1
30.1338,74.2808,1
29.9967,74.5919,1
30.0623,78.9229,2
30.3379,77.9431,2
30.0572,77.6061,2
30.2544,81.1278,2
29.9455,80.7170,2
29.6645,80.8484,2
30.3630,83.2382,2
30.6265,82.7873,2
30.2268,83.4214,2
30.1473,86.1212,2
30.1992,86.8429,2
30.5168,86.2052,2
30.3762,88.4392,2
30.3639,88.3940,2
30.4451,90.6235,2
30.1419,90.0797,2
30.0354,92.6480,2
30.3107,91.9108,2
30.4246,94.8461,2
30.4768,95.1723,3
30.5528,94.7519,2
30.3987,97.0110,3
30.0220,98.5215,3
30.2265,97.8450,3
30.2033,99.5601,3
30.1752,101.0770,3
30.3112,98.7164,3
31.6703,21.3367,1
31.6707,18.6496,1
32.1974,20.5118,1
31.7066,22.4801,1
31.9947,22.3521,1
32.0112,23.1653,1
31.7853,25.6264,1
31.6804,26.3015,1
31.5078,24.3008,1
31.8777,28.7493,1
31.8442,28.5817,1
31.6440,28.8665,1
31.7127,30.6691,1
31.6462,32.5500,1
31.2904,31.4093,1
31.3044,33.7119,1
31.6157,32.2293,1
31.8214,33.5081,1
31.1993,37.1814,1
32.0829,37.6693,1
31.8139,36.5863,1
32.0562,40.5721,1
32.0075,38.6042,1
31.7745,39.6400,1
31.2717,42.4210,1
32.2924,42.5489,1
32.0925,42.2062,1
31.7058,45.1135,1
31.5202,44.1048,1
32.0407,45.8568,1
31.4764,48.3122,1
31.7024,47.8411,1
31.8392,48.3320,1
31.7448,51.4025,1
31.8015,50.8130,1
31.5158,51.9638,1
31.8416,53.6382,1
31.3221,52.4864,1
32.0336,53.3186,1
31.2457,56.6408,1
31.5882,56.9206,1
31.7022,56.0156,1
32.0189,57.9476,1
31.4759,58.4733,1
31.9309,57.6225,1
31.3071,61.9971,1
31.5734,61.0851,1
31.2599,60.8701,1
31.7222,64.8357,1
31.5313,65.3810,1
31.5530,63.6256,1
32.1085,67.0551,1
31.5861,66.7802,1
32.0624,67.9962,1
31.5199,69.6233,1
31.7467,68.9155,1
31.7102,69.6592,1
32.0092,73.3194,1
31.6418,72.2533,1
31.8902,71.9749,1
31.8713,75.1065,2
31.4818,74.4548,1
32.0859,75.0551,2
32.1342,77.5458,2
31.7969,79.7255,2
31.4598,76.5077,2
32.0458,80.0695,2
31.7190,80.2502,2
31.7912,79.9768,2
31.6792,83.7856,2
31.4721,82.9232,2
31.6373,82.3767,2
31.6185,86.2960,2
31.6243,86.0034,2
31.7192,85.7151,2
31.8969,90.0425,2
31.6080,89.3294,2
31.6642,89.2396,2
32.1156,92.1056,2
31.2808,92.0646,2
32.0324,91.5579,2
31.9730,93.9652,2
31.3528,94.5886,2
31.2850,94.3029,2
32.0458,95.8091,3
31.4043,96.4674,3
31.7083,96.9671,3
32.0739,100.7158,3
31.8480,100.1092,3
31.8224,99.3535,3
33.4902,19.1660,1
33.4847,20.8896,1
33.3286,19.8678,1
33.3759,20.6125,1
33.3514,22.6736,1
33.2632,23.2885,1
33.2572,24.6621,1
33.2405,25.5679,1
33.3046,25.6387,1
33.5357,27.4613,1
33.3198,29.2433,1
32.8422,28.4106,1
33.1295,30.7565,1
33.0497,30.9073,1
33.7362,30.0862,1
32.9835,32.8167,1
33.7077,33.4464,1
33.2695,33.4910,1
33.0398,36.3754,1
33.8904,37.5958,1
33.0626,37.0374,1
33.0680,37.9781,1
33.5307,40.1804,1
33.5374,38.9579,1
33.2342,42.6313,1
33.3737,41.7737,1
32.8711,42.1544,1
33.5456,43.9294,1
33.4356,45.0762,1
33.4634,45.4816,1
33.1022,46.3735,1
33.1425,48.2531,1
33.1404,47.0657,1
32.8205,51.6593,1
33.4823,50.9222,1
33.5178,50.7774,1
33.2148,52.9806,1
33.1690,55.0795,1
33.4148,52.7556,1
33.3922,55.1039,1
33.6520,55.3663,1
33.4011,56.6616,1
33.3721,58.6915,1
33.2786,58.5784,1
33.1317,58.2836,1
33.6458,61.2979,1
33.0794,60.9921,1
33.5510,61.8860,1
33.4159,63.9448,1
33.4192,63.6553,1
33.2110,64.8653,1
33.4944,66.1601,1
33.0620,66.9781,1
33.7074,65.4599,1
33.3454,68.6231,1
33.1173,69.3819,1
33.1707,69.2548,1
33.2777,72.0124,1
32.9102,72.9987,1
33.4641,73.0462,1
32.8907,75.3966,2
33.4449,74.3990,1
33.2782,75.0852,2
33.7364,79.3744,2
32.8598,79.8015,2
33.0471,78.6665,2
33.5185,79.9429,2
33.3992,80.6090,2
33.4144,80.8627,2
33.5749,83.5048,2
33.2339,84.2703,2
33.4210,83.9971,2
33.1097,85.4230,2
33.1339,85.7413,2
33.4724,86.9389,2
33.2371,90.0387,2
33.6180,89.1481,2
33.0704,90.1470,2
33.2606,91.8188,2
33.1910,91.0568,2
32.9087,92.1988,2
33.0800,96.7774,3
33.0043,93.5397,2
33.4034,95.6297,3
33.2920,97.6706,3
32.8150,96.7332,3
33.0075,95.8201,3
33.3051,98.3179,3
32.9453,99.5971,3
33.0680,100.2973,3
34.9040,20.6703,1
35.0157,20.8556,2
34.8271,20.2276,1
34.9555,22.8649,1
34.7283,22.5093,1
34.6232,23.0748,1
34.8041,25.0199,1
34.6620,24.6094,1
35.0723,25.5762,2
34.6119,28.8823,1
34.6875,27.2210,1
35.0829,27.8730,2
34.7254,31.0654,1
35.1132,31.0495,2
34.5278,31.4424,1
34.7063,35.2090,1
34.8273,32.1168,1
34.9169,35.2516,1
35.2216,37.9249,2
34.5726,37.2358,1
34.6471,36.7199,1
34.5093,38.8270,1
34.6585,39.9843,1
35.0278,39.5180,2
34.4900,41.8352,1
34.6411,42.7212,1
35.1221,42.8613,2
34.6388,42.7729,1
34.3858,45.8938,1
34.7273,44.2645,1
35.2383,48.5351,2
34.8337,47.3662,1
34.7946,47.7566,1
35.2276,50.6617,2
35.0091,51.2218,2
34.5352,50.9110,1
34.7539,51.2164,1
34.2955,52.3399,1
34.9604,53.1888,1
34.8737,57.3253,1
34.5103,55.8415,1
34.9037,55.3099,1
34.8347,57.4207,1
35.1801,58.1095,2
35.3354,58.5963,2
35.0846,61.3393,2
34.8199,60.9413,1
34.8574,61.6178,1
34.6315,64.0442,1
34.6751,65.8627,1
34.8052,65.2969,1
34.7787,67.0910,1
34.4972,66.5612,1
34.8802,68.0861,1
34.8831,70.6930,1
34.9878,70.8757,1
34.8128,71.4478,1
34.7062,71.8389,1
34.5251,74.1621,1
35.0324,72.1632,2
35.1398,75.6882,2
35.3191,74.0115,2
34.7612,74.8255,1
34.3342,78.7263,2
34.7600,78.4858,2
35.4175,77.6661,2
34.7223,80.7787,2
35.0744,80.2646,2
34.6698,81.4825,2
34.9222,81.9147,2
34.5212,84.5742,2
34.9281,82.8766,2
34.7850,86.2168,2
35.0115,85.1882,2
34.6173,86.4116,2
34.8026,89.3944,2
34.5202,89.2334,2
35.1005,89.3306,2
34.8624,91.6522,2
34.6189,91.6701,2
35.1425,91.6349,2
34.6051,94.1136,2
34.8778,94.2026,2
34.9489,94.8749,2
35.0498,98.3091,3
35.0765,96.5407,3
34.6017,97.1845,3
34.7148,99.1463,3
34.7172,99.6441,3
34.6596,99.7632,3
36.6739,20.1494,2
36.9973,20.1279,2
36.3068,20.0031,2
36.4434,23.0851,2
36.8985,22.1246,2
36.5941,22.9144,2
35.9865,26.0953,2
36.6962,24.8744,2
36.3771,24.2232,2
36.0646,29.0619,2
36.2627,27.4443,2
36.4367,27.8841,2
36.2616,31.5890,2
36.0889,30.3555,2
36.4178,31.7615,2
36.6889,33.2943,2
36.6137,33.2050,2
36.8359,32.9428,2
36.7114,36.0594,2
36.8826,36.9952,2
36.1253,36.1600,2
36.5746,40.0998,2
36.3616,39.3438,2
36.5689,39.4092,2
36.0559,41.4592,2
36.4381,42.9806,2
36.7833,42.6536,2
36.4511,45.3892,2
36.2126,44.7127,2
36.1733,43.8910,2
36.4627,47.7253,2
36.5512,47.9958,2
36.4400,48.0037,2
36.3686,50.6545,2
36.1978,50.6221,2
36.5464,49.8426,2
36.3923,52.6357,2
36.2477,52.2598,2
36.6958,53.9027,2
36.5137,57.3412,2
36.3320,58.1359,2
36.3224,56.0535,2
36.2799,58.8999,2
36.5882,58.5353,2
36.8235,58.8001,2
36.4469,60.6976,2
36.4839,61.2788,2
36.2272,60.7970,2
37.0473,63.9403,2
36.0151,63.6143,2
36.3664,64.5479,2
36.5180,67.4040,2
36.2181,67.1519,2
36.1603,66.4318,2
36.1499,68.7639,2
36.6454,70.1716,2
36.6235,69.6847,2
36.5735,71.0928,2
36.5951,72.5466,2
36.5361,72.6988,2
36.1325,74.0489,2
36.2013,75.5961,2
36.5518,74.1465,2
36.1340,77.3886,2
36.2900,76.9095,2
36.0238,77.3147,2
36.4009,79.8042,2
36.3504,81.4836,2
36.0539,80.5348,2
36.6355,83.1346,2
36.2359,84.3209,2
36.3028,84.2766,2
36.4866,85.9498,2
36.4992,86.4472,2
36.6345,85.7956,2
36.3896,88.9194,2
36.5553,88.1966,2
36.6336,89.3153,2
36.0501,92.6303,2
36.9378,92.4755,2
36.7361,91.7882,2
35.9639,93.0997,2
36.4431,94.0388,2
36.1507,94.4357,2
36.5332,96.1518,3
36.2671,98.3738,3
36.1105,97.8937,3
36.2581,100.4093,3
36.6536,100.5560,3
36.6066,99.1363,3
38.2094,19.3605,2
37.9959,20.1937,2
38.0523,20.2527,2
37.7201,21.7462,2
38.1491,22.8980,2
38.2184,22.7251,2
37.5797,26.2418,2
37.8384,25.7737,2
37.7692,26.7505,2
37.7119,28.0228,2
37.9579,27.4567,2
38.0137,29.4848,2
37.8084,31.3308,2
37.2437,31.0053,2
37.8528,30.4206,2
38.2014,33.5484,2
37.8867,33.5102,2
37.4518,32.9441,2
38.1713,34.9693,2
37.7395,36.2519,2
38.3669,37.1282,2
37.7917,40.2887,2
37.7459,40.0672,2
37.5913,40.1153,2
37.8295,41.2976,2
37.8767,42.2770,2
37.8073,42.4844,2
37.7853,45.2929,2
38.0416,44.7819,2
37.8207,44.9412,2
38.0686,49.1326,2
38.1659,48.3182,2
38.7032,47.9732,2
38.0522,50.8728,2
37.6788,50.0119,2
37.8045,50.8305,2
37.8875,53.2071,2
38.2029,53.7508,2
37.8906,52.6010,2
38.2149,56.4425,2
37.5295,55.6272,2
37.9724,56.4462,2
38.1586,58.8336,2
38.0773,58.6688,2
37.7626,58.4247,2
37.9358,61.3533,2
37.4596,61.0812,2
37.9451,61.1683,2
37.8693,64.5039,2
37.6613,62.9169,2
37.8440,64.7110,2
38.3529,67.4831,2
37.5640,66.7223,2
37.9952,67.0297,2
38.0659,68.9674,2
37.9473,69.9704,2
38.1375,69.0509,2
37.8447,70.3859,2
37.7757,72.0205,2
37.6761,72.5380,2
37.9170,73.4780,2
37.9849,74.4762,2
38.0525,74.2110,2
37.9385,77.7187,2
38.0068,78.0246,2
37.8672,76.7788,2
37.5617,80.2517,2
37.9290,80.2335,2
38.0873,80.4802,2
37.6898,83.2397,2
37.9875,83.6919,2
38.4006,82.9466,2
37.9127,86.5265,2
37.9252,85.8314,2
37.5437,85.8238,2
37.6626,87.6706,2
37.7321,88.1802,2
38.0770,89.4163,2
37.7051,91.5290,2
37.4665,91.3534,2
38.0308,92.3428,2
37.7528,95.2717,3
37.5521,93.5470,2
38.1085,95.7361,3
38.0544,97.2111,3
37.3822,95.7245,3
37.9634,96.9728,3
37.6546,100.0491,3
37.9598,100.7083,3
37.9652,100.9213,3
39.4848,19.9135,2
39.7488,19.2662,2
40.1864,20.2814,2
39.5780,23.1524,2
39.9520,23.3530,2
39.0815,23.8112,2
39.3975,25.5976,2
39.1629,25.9119,2
39.3199,25.5924,2
39.4117,29.7196,2
39.9783,28.3107,2
39.4988,27.9958,2
39.7593,30.7878,2
39.3774,31.7684,2
39.3482,31.0062,2
39.0874,34.3212,2
39.9680,34.3340,2
39.8482,33.1585,2
39.5418,35.8444,2
39.4258,37.1309,2
39.5082,35.4922,2
39.1540,38.2745,2
39.6056,40.8583,2
39.8234,37.8884,2
39.8380,42.7713,2
39.0964,41.8416,2
39.7566,42.4818,2
39.1555,45.2856,2
38.9484,44.6605,2
39.7672,44.8414,2
39.3580,48.2532,2
39.7264,48.5687,2
39.7013,48.3972,2
39.6660,50.5440,2
39.5051,50.1669,2
39.1797,49.6283,2
39.4123,53.2845,2
39.8430,53.0721,2
39.7336,53.9129,2
39.4249,56.3081,2
39.4219,56.8537,2
39.6417,54.9692,2
39.5231,59.8568,2
39.4375,58.9565,2
39.6192,57.8432,2
39.6104,60.3339,2
39.3264,62.1861,2
39.5719,61.1510,2
39.5944,64.0929,2
39.4859,64.6305,2
39.3009,64.1682,2
39.4047,65.7074,2
39.2526,68.0727,2
39.5789,65.9039,2
39.0977,69.5711,2
39.8731,69.5151,2
39.8095,69.9191,2
39.6006,71.4120,2
39.7171,72.1626,2
39.6985,71.8032,2
39.5270,75.4364,2
39.4443,75.4758,2
39.4162,74.6856,2
39.8841,78.7178,2
39.2925,78.3574,2
39.2971,77.0425,2
39.7412,79.4116,2
39.7145,80.5001,2
39.4299,80.9970,2
39.6281,82.8285,2
39.6622,83.5333,2
39.1687,83.3209,2
39.8281,87.4643,2
39.6621,85.3141,2
39.6054,86.8450,2
39.6642,89.5542,2
39.5736,88.9112,2
39.3307,87.5421,2
39.5677,91.8637,2
39.6222,90.7210,2
39.6440,93.2650,2
39.5024,94.4365,2
39.5600,96.0070,3
39.2268,94.6352,2
39.2828,96.8311,3
39.4704,98.2519,3
39.9330,97.5775,3
39.3886,101.8696,3
39.3759,99.5716,3
39.0390,101.0471,3
41.2765,21.8134,2
40.6871,21.0936,2
41.0520,20.6046,2
40.6225,23.8597,2
41.2311,22.7294,2
41.1958,22.1845,2
40.8896,25.1697,2
40.5713,26.1636,2
41.3324,24.9912,2
41.1215,28.0767,2
41.1166,27.8052,2
40.8136,29.0649,2
41.0185,32.5511,2
41.0461,30.3399,2
41.3412,31.5076,2
41.2162,34.6861,2
40.8713,33.6977,2
40.9916,32.8250,2
40.9686,37.5540,2
41.0938,35.5422,2
40.6455,37.8003,2
41.0119,38.8248,2
40.9660,38.2024,2
41.3903,39.0156,2
41.3763,42.1077,2
41.3919,42.2615,2
41.2478,42.6083,2
41.1903,45.0885,2
40.9763,46.2642,2
40.8077,44.8308,2
41.0382,47.8880,2
40.9271,47.8223,2
40.9923,46.3997,2
41.0369,49.5194,2
40.6009,50.4475,2
41.1565,50.7399,2
41.1763,51.6540,2
40.6942,54.5836,2
40.7727,53.5616,2
40.8627,55.9218,2
40.8762,56.2832,2
41.0687,55.5259,2
40.7719,58.8215,2
40.7313,58.9413,2
41.6911,59.6333,2
41.2141,61.3151,2
40.5498,60.3876,2
41.3552,60.7870,2
40.8597,64.0137,2
40.7690,63.2179,2
41.0219,63.4693,2
40.8492,66.3107,2
41.1651,66.7225,2
40.9898,67.3443,2
40.9990,69.4465,2
41.1521,70.1563,2
40.9977,69.7156,2
40.8390,71.7683,2
41.2268,72.7475,2
41.1483,72.6244,2
41.0460,75.6947,2
41.2683,75.8558,2
41.0093,76.2127,2
41.0916,78.4053,2
41.1050,78.1163,2
40.8505,78.4570,2
41.7458,80.4086,2
41.0522,80.3550,2
40.9125,81.8480,2
40.8662,83.0927,2
40.6376,82.8801,2
40.6074,83.9221,2
41.7344,85.9319,2
40.6178,86.8819,2
40.8528,87.1814,2
40.9640,88.4917,2
40.9900,89.5339,2
40.9776,88.5930,2
40.9848,90.7702,2
41.1337,90.3841,2
40.9235,92.2937,2
41.1102,94.9255,2
41.0182,95.3601,3
41.2657,94.8174,2
41.2664,97.8042,3
40.9246,96.2335,3
41.1396,97.6509,3
41.3071,99.2978,3
40.8079,100.3449,3
41.0167,98.5857,3
42.6800,18.6107,2
42.3499,21.0138,2
43.0424,19.0883,2
42.5039,22.7906,2
43.0315,22.3890,2
42.4670,23.9202,2
42.4925,26.0589,2
42.2169,25.3888,2
42.1713,24.7257,2
42.7960,28.2384,2
42.5064,27.7143,2
42.5310,28.5017,2
42.8319,29.0656,2
42.3783,31.1538,2
42.5615,31.3370,2
42.6531,33.5645,2
42.4545,33.6090,2
42.8734,33.2441,2
42.5705,36.6892,2
42.9763,36.3265,2
42.8259,37.4757,2
42.5703,39.1523,2
42.5039,39.1185,2
42.7998,39.4836,2
42.6450,41.2250,2
42.3443,43.6766,2
42.5418,41.4879,2
42.9440,45.0389,2
42.7307,44.7241,2
42.5065,44.7004,2
42.2405,47.5203,2
42.6602,48.9741,2
42.6077,45.8356,2
42.5627,52.3995,2
42.8028,49.7367,2
42.7340,49.7883,2
42.2478,52.8422,2
42.6091,51.6993,2
42.2989,53.1112,2
42.4842,56.1582,2
42.2825,56.3977,2
42.2903,57.0941,2
42.1573,57.8013,2
42.6905,59.8689,2
42.6650,59.0428,2
42.5906,60.6095,2
42.4637,60.4704,2
42.2665,61.6806,2
42.3054,64.3776,2
42.2607,64.3602,2
42.4640,65.1929,2
42.6671,67.8234,2
42.3973,66.9387,2
42.3409,66.5863,2
42.5207,69.1108,2
42.2823,68.5950,2
42.0013,68.8629,2
42.7431,71.2149,2
42.2442,73.7570,2
42.4271,72.6546,2
42.7468,75.6693,2
42.2056,74.9991,2
42.1816,77.0071,2
42.1875,77.1452,2
42.3261,76.8085,2
42.9244,79.7479,2
42.4673,79.6993,2
42.0270,80.5066,2
42.5071,80.2012,2
42.6416,83.7447,2
42.6670,83.2112,2
42.3108,83.9476,2
42.5893,86.8732,2
42.7837,85.1406,2
42.2276,85.6402,2
42.3221,89.5320,2
42.6740,89.7899,2
42.6853,89.1220,2
42.8861,92.0764,2
42.6032,92.8345,2
42.6150,91.4959,2
42.3768,95.0100,3
42.8955,94.4448,2
42.9132,93.0052,2
42.5723,97.2113,3
42.4045,99.0293,3
42.5697,96.9356,3
42.5927,98.4979,3
42.3962,100.7374,3
42.4290,99.3783,3
44.4653,21.0052,2
44.2672,19.6587,2
44.0781,19.3969,2
43.8892,21.9753,2
43.9834,21.9826,2
43.7470,22.9232,2
44.1966,26.7928,2
43.9708,25.7393,2
44.2161,25.3269,2
44.3240,28.8573,2
44.2198,28.0841,2
44.0485,27.2500,2
43.9365,30.5680,2
43.8569,31.3644,2
44.4371,30.3534,2
44.2088,33.0175,2
44.0617,33.2754,2
44.2884,33.2840,2
44.3908,36.3674,2
43.9755,35.6117,2
44.2012,37.2231,2
44.2063,40.9895,2
44.4954,39.0797,2
44.0584,39.6626,2
43.9284,42.9437,2
44.2283,42.2613,2
44.3097,43.3611,2
44.1807,44.7428,2
44.5151,45.5532,2
44.0577,44.8315,2
44.1868,47.8576,2
43.7988,46.4293,2
43.9161,46.8627,2
43.9770,50.8209,2
44.0957,50.4921,2
43.8319,49.9986,2
44.2847,53.5497,2
43.9568,53.2247,2
44.6876,53.0902,2
43.9646,55.7317,2
44.1610,55.7487,2
44.1301,54.7795,2
43.8973,58.5087,2
44.0966,58.1960,2
44.0937,58.6665,2
44.3603,61.3049,2
44.2377,60.9731,2
44.2810,61.6611,2
44.3544,64.6730,2
44.2851,64.0641,2
44.1992,64.9356,2
43.9749,66.4252,2
44.1833,67.2080,2
43.9319,66.8405,2
44.1144,67.9937,2
44.0830,69.5372,2
44.0979,70.7171,2
43.8340,71.7953,2
43.4849,72.0531,2
44.0390,72.0313,2
44.4149,75.8179,2
44.1574,74.8945,2
44.3945,75.1576,2
43.9334,76.6438,2
44.0276,78.4970,2
44.7071,77.9772,2
43.9466,79.8009,2
44.2759,79.3662,2
44.2755,81.3029,2
44.2470,83.2835,2
44.2792,83.5765,2
43.9434,84.8361,2
44.0500,86.7887,2
43.5333,87.1643,2
44.5051,86.2293,2
44.2776,89.3844,2
43.9772,89.3759,2
43.9358,88.5089,2
44.4197,92.4551,2
43.9613,91.1740,2
43.9765,92.2736,2
43.8879,94.7503,2
44.3246,94.4166,2
44.3904,94.2545,2
44.0845,96.5084,3
44.3922,96.6665,3
44.2254,97.1879,3
43.8747,99.5432,3
44.4837,100.1512,3
43.8856,100.2290,3
45.6531,22.5905,2
45.7609,19.7145,2
46.0447,18.6192,2
45.7132,24.2544,2
45.6606,21.4586,2
45.5907,23.8495,2
45.7837,24.8881,2
45.5183,25.0975,2
45.7800,26.5209,2
45.9528,28.6179,2
45.3567,27.2799,2
45.8230,27.2668,2
45.6333,31.2626,2
45.4053,30.2663,2
45.6661,31.4122,2
45.9550,34.2484,2
45.7081,33.2335,2
45.4219,33.4099,2
45.7921,36.8042,2
45.1647,35.9625,2
45.9908,36.6111,2
45.3354,41.0772,2
45.6824,39.5986,2
45.7895,39.0346,2
45.5078,43.6602,2
45.9405,42.6854,2
45.8337,41.3165,2
46.0090,44.1952,2
45.7605,43.5980,2
45.1794,45.0663,2
45.4874,46.0943,2
45.8248,49.1763,2
46.0370,47.3932,2
45.6919,51.0106,2
45.9702,50.0872,2
45.6982,50.5703,2
45.8281,53.0036,2
45.6596,54.1383,2
45.9920,53.4615,2
46.1194,55.5722,2
46.0954,56.2690,2
46.5074,54.9677,2
45.5173,58.9348,2
45.7890,60.0833,2
45.5226,59.2994,2
45.9803,61.9078,2
45.4494,62.4351,2
45.9970,61.8290,2
45.7407,64.3075,2
45.6700,64.6185,2
45.6974,63.5015,2
45.4275,66.3325,2
45.7452,66.8763,2
45.7435,67.2722,2
45.5328,70.7544,2
45.6227,69.3301,2
45.8103,68.2778,2
45.4920,73.1496,2
45.2553,73.2520,2
46.0674,72.1367,2
45.7626,76.0117,2
45.5730,75.8232,2
45.5219,74.8142,2
45.4898,78.1880,2
45.9791,77.7930,2
45.3718,77.1190,2
45.7883,82.0727,2
45.7881,80.3995,2
45.8812,80.5100,2
45.5951,82.7294,2
46.0418,81.5439,2
45.8891,83.1005,2
45.5871,87.4761,2
45.5111,85.6968,2
45.6571,86.5173,2
45.5792,87.7851,2
45.4732,89.9265,2
45.7084,89.3038,2
45.6243,91.2295,2
46.1090,91.5830,2
45.5788,92.5462,2
45.5091,94.0367,2
45.6922,94.4830,2
45.7546,96.0515,3
45.7737,95.4578,3
45.7712,97.2698,3
45.7005,97.4258,3
45.6825,99.9605,3
45.8429,99.5934,3
45.4527,102.2678,3
47.0624,20.0751,2
46.8675,20.0874,2
47.0081,19.6681,2
47.5026,23.1126,2
47.3835,21.4302,2
47.7006,21.8647,2
47.6235,26.2834,2
47.3857,24.8760,2
47.2793,25.1641,2
47.2486,28.0885,2
46.7317,29.1172,2
47.2211,27.9123,2
47.1013,31.3033,2
47.0179,29.3431,2
47.3432,31.4238,2
47.1915,32.9322,2
47.2636,32.6947,2
46.9846,33.2301,2
47.4524,36.2798,2
47.1294,38.0177,2
47.3295,36.8060,2
47.1490,38.8631,2
46.6948,40.0369,2
47.3535,39.1760,2
47.2071,42.6211,2
46.8527,41.6266,2
46.9573,43.3976,2
47.4603,43.1756,2
46.8629,44.7283,2
47.1233,43.8343,2
47.7276,47.8206,2
47.3601,47.0672,2
47.4219,47.3009,2
47.1705,50.8031,2
46.8341,51.5426,2
47.2870,51.3055,2
46.9725,52.4111,2
46.9509,53.2912,2
47.2579,52.7551,2
46.9879,54.9121,2
47.2293,55.5129,2
47.0700,57.0224,2
47.2208,59.5732,2
47.1081,58.8043,2
47.2275,57.3475,2
47.5985,61.2779,2
47.4280,60.8153,2
47.2002,60.7292,2
47.5504,64.3715,2
47.3331,65.1566,2
47.5305,64.7119,2
46.8859,66.3748,2
46.9904,67.4422,2
47.2840,65.8537,2
47.1942,68.5346,2
47.2281,68.4136,2
47.3736,69.9386,2
47.7184,73.0497,2
47.1357,73.0273,2
46.8920,71.6919,2
47.3247,73.5537,2
47.2321,74.4072,2
47.2667,74.3641,2
47.3474,77.9455,2
47.5915,77.9361,2
47.0492,77.7459,2
46.9053,80.9943,2
47.3888,82.5415,2
47.0859,80.4888,2
47.0974,83.6074,2
47.3368,83.4082,2
47.5130,82.9855,2
47.4879,86.6108,2
47.2384,85.9707,2
47.8480,85.5941,2
47.3159,88.4029,2
47.6878,89.6306,2
47.0718,89.3500,2
47.3058,91.3367,2
47.4309,92.0161,2
47.2953,91.6927,2
47.3491,94.6548,2
47.2562,94.0020,2
47.6648,93.6949,2
47.3483,97.0012,3
47.6813,96.5638,3
47.0576,96.5140,3
47.3222,98.9702,3
47.1217,98.3857,3
47.3015,99.6248,3
48.4211,20.8142,2
48.4662,20.5977,2
48.6178,21.2012,2
48.9805,22.0026,2
48.5638,23.2128,2
48.7275,22.6316,2
49.1112,24.9557,2
48.8159,26.2332,2
48.9954,25.3975,2
48.7209,26.9718,2
48.5290,28.5146,2
48.7586,28.3321,2
49.0529,30.1440,2
48.7341,31.1760,2
48.6171,32.1081,2
49.0202,34.0107,2
49.2417,32.6689,2
48.7912,34.0679,2
48.5645,36.7773,2
48.5165,37.0696,2
49.0576,36.7560,2
48.3299,38.5853,2
48.9343,39.3262,2
48.1196,40.2425,2
48.8273,41.4547,2
49.0418,41.5608,2
48.6210,42.3377,2
49.2384,46.0453,2
48.8830,45.1744,2
48.9910,43.8848,2
48.9541,47.0357,2
48.8727,47.4156,2
48.9184,47.6748,2
48.0248,50.4790,2
48.9536,50.6793,2
48.7675,51.5765,2
48.8709,53.4317,2
49.0542,53.3754,2
48.5686,51.2747,2
48.6738,56.4328,2
48.7048,56.4630,2
48.8303,56.8281,2
48.7193,58.9714,2
48.9196,59.7469,2
48.3664,58.2769,2
49.0052,62.5387,2
48.8531,61.1598,2
48.9824,62.0308,2
48.7032,64.3857,2
49.0882,65.5558,2
48.9788,64.1710,2
48.7796,67.3146,2
48.7642,67.0388,2
48.5286,67.8693,2
48.5081,69.3311,2
48.8175,71.1484,2
48.6874,69.1557,2
48.6554,73.6580,2
48.0900,71.6617,2
49.4759,72.8570,2
48.5166,75.1410,2
48.8100,75.8070,2
49.2530,75.4638,2
48.6582,78.5213,2
48.6185,77.1560,2
48.3531,76.7572,2
48.5690,79.8063,2
48.8714,79.7901,2
48.0072,79.9067,2
48.6751,82.9942,2
49.1730,82.9881,2
49.0133,83.4340,2
48.7825,85.5804,2
48.7784,85.6331,2
48.8356,86.0297,2
48.5569,89.7094,2
48.8998,88.6295,2
48.8295,88.9026,2
48.5762,91.7770,2
48.6379,91.0154,2
48.3874,91.4552,2
48.9348,93.9618,2
49.4233,95.1470,3
49.1192,95.0792,3
49.2563,96.6511,3
48.1529,96.9068,3
48.9327,97.3550,3
48.8620,100.9907,3
48.8886,100.5992,3
48.5582,99.1785,3
50.7484,20.0757,3
50.1890,19.5340,3
50.1825,19.4683,3
50.0240,21.6333,3
50.2961,22.3139,3
50.6216,22.9784,3
50.4112,24.9599,3
50.3146,25.7880,3
50.5239,25.4468,3
50.6146,28.2819,3
50.5430,27.9085,3
49.8917,28.4771,2
50.5262,31.4660,3
50.4504,30.7730,3
50.1431,31.4483,3
50.4514,33.3724,3
50.6222,33.1310,3
50.1989,35.0204,3
50.5620,36.2832,3
50.4167,36.6678,3
49.6584,35.8719,2
50.3321,39.0429,3
50.4066,40.1575,3
50.2644,38.5171,3
50.4260,41.8240,3
50.3058,41.8501,3
50.9053,40.3884,3
50.2477,44.8248,3
50.1495,45.5025,3
50.5481,44.7918,3
50.2772,47.5022,3
50.3186,47.5274,3
50.2978,47.7755,3
50.5331,49.4221,3
50.0822,49.0334,3
50.5614,50.5326,3
50.4711,52.0313,3
50.7911,52.6468,3
50.3869,53.7442,3
50.0981,55.4523,3
50.3896,58.0052,3
50.4201,57.0668,3
50.6462,58.8967,3
50.0975,59.4155,3
49.9703,59.8213,2
50.3948,59.3916,3
50.2597,61.8698,3
50.2856,61.9156,3
50.1323,63.1584,3
50.3270,64.1616,3
50.2577,65.0584,3
50.1323,67.1314,3
50.3618,65.7290,3
50.0151,66.9055,3
50.8401,70.0896,3
49.9134,67.3223,2
50.5281,69.5830,3
50.6301,71.7533,3
50.4324,73.0484,3
50.2330,72.0942,3
50.3511,75.5794,3
50.3412,75.9029,3
50.2293,74.1761,3
50.8391,77.4776,3
50.2027,77.8817,3
50.3616,77.6410,3
50.3405,80.6598,3
50.3885,78.9215,3
50.8150,80.5792,3
50.4900,82.4147,3
50.2271,82.9440,3
50.7123,83.0089,3
50.5343,85.7191,3
50.2317,86.0227,3
50.6658,84.7895,3
50.0159,87.5050,3
50.0730,88.3568,3
49.9412,88.4149,2
49.8411,90.9606,2
50.6449,92.0268,3
50.3917,90.9721,3
49.9608,93.6284,2
50.3340,95.1339,3
50.5704,94.9557,3
50.1604,97.2598,3
50.2645,97.0905,3
50.8541,95.9199,3
50.2862,100.9088,3
49.9784,99.5172,3
50.2126,99.8325,3
51.4976,20.4465,3
52.0631,20.3813,3
51.6790,20.0649,3
51.6717,22.5092,3
52.4349,22.8304,3
51.5997,22.8939,3
51.5586,24.6180,3
51.6363,25.1840,3
52.1308,25.9510,3
52.0273,27.4517,3
51.7612,28.4799,3
51.7395,28.0671,3
52.0069,30.7729,3
51.9531,32.2290,3
51.8536,31.9190,3
52.0364,32.6927,3
51.6210,33.1679,3
51.6828,33.7254,3
52.0502,37.4931,3
51.9736,36.2175,3
51.3760,36.6047,3
51.9030,39.4475,3
52.4231,40.2408,3
52.0928,38.5888,3
51.7683,41.9978,3
51.7027,42.4443,3
51.9858,41.2527,3
52.1958,44.9043,3
51.4643,44.7891,3
51.9669,45.5572,3
51.8122,48.2072,3
51.9433,46.5999,3
51.5428,48.4281,3
52.1955,50.5870,3
52.2705,51.1373,3
52.0675,49.6613,3
52.3294,53.5057,3
51.8001,52.6022,3
51.9607,51.8502,3
52.0715,55.1469,3
51.9892,55.4709,3
51.8304,55.2944,3
51.8562,60.0377,3
52.2428,58.8865,3
51.8902,59.2538,3
52.1790,60.7569,3
51.8772,60.0128,3
52.1773,62.9281,3
51.9166,62.5442,3
52.0488,63.4599,3
51.7307,64.6079,3
51.9602,66.5305,3
51.7341,66.9909,3
51.7942,66.0646,3
51.8134,69.9099,3
51.8520,68.5950,3
52.1438,67.6011,3
51.7850,71.9486,3
51.9336,72.8350,3
52.1782,71.8795,3
52.0432,75.3193,3
51.4687,76.5978,3
51.5369,75.4870,3
51.9940,78.1378,3
51.7729,78.5515,3
51.5065,77.8817,3
51.7556,80.1817,3
52.0037,81.4978,3
51.8107,81.2752,3
51.9090,82.7787,3
51.8321,83.2237,3
51.7224,83.7696,3
51.9552,85.0139,3
51.4837,86.5254,3
51.6927,86.4334,3
52.0918,88.0123,3
51.5437,90.2213,3
51.9844,88.6511,3
51.6631,91.3413,3
51.5989,92.3867,3
51.7024,92.5443,3
51.7964,93.7002,3
51.7900,92.5146,3
51.8664,94.3552,3
52.1027,95.8267,3
52.1870,97.8568,3
52.2096,97.2018,3
52.1500,98.8966,3
52.0748,99.4216,3
51.4837,99.1569,3
53.4497,19.3818,3
53.5423,18.6438,3
52.9165,21.0293,3
53.6742,21.9716,3
53.4475,23.5233,3
53.5531,22.8698,3
53.7221,24.9692,3
53.4561,25.5039,3
53.3801,25.2249,3
53.4665,28.3017,3
53.1862,28.8772,3
53.2042,28.1122,3
53.3745,31.3031,3
52.9185,31.7027,3
53.2790,31.9495,3
53.3287,33.7565,3
53.9267,33.5851,3
53.7580,33.8224,3
53.5521,36.6042,3
53.6602,36.0376,3
53.2023,36.0728,3
53.4732,39.1447,3
53.6258,40.2889,3
53.2043,38.7599,3
53.0892,43.5917,3
53.5244,42.4288,3
53.1132,42.0681,3
53.5756,44.6380,3
53.7172,46.5615,3
53.2115,44.0610,3
53.2288,48.7909,3
53.7089,47.4846,3
53.4574,46.9738,3
53.6708,50.0599,3
53.3833,50.8014,3
53.4013,50.1686,3
53.4509,53.7000,3
53.8599,53.5426,3
53.6491,52.9536,3
53.2713,56.3526,3
53.4911,54.7951,3
53.3663,55.7999,3
53.3207,59.7320,3
53.5682,59.6506,3
53.5141,58.6817,3
53.2141,61.3883,3
53.4515,60.3540,3
53.3134,61.1368,3
53.5516,64.4839,3
53.3029,64.4896,3
53.4028,61.9857,3
53.3271,67.7058,3
53.0278,66.9811,3
53.8446,66.3261,3
53.4488,68.6772,3
53.8551,69.5927,3
53.4599,70.6709,3
53.6136,71.7571,3
53.2865,72.7850,3
53.2922,70.8259,3
53.4350,74.0623,3
53.8523,75.3050,3
53.2220,74.6484,3
52.9759,77.1064,3
53.7024,79.6049,3
53.6299,77.8620,3
53.3403,79.9723,3
53.9632,80.5481,3
53.9772,81.7348,3
53.0131,82.9488,3
53.2810,83.3884,3
53.4332,85.6955,3
53.1790,86.3786,3
53.6024,86.2057,3
53.4758,85.4233,3
53.4749,89.3491,3
53.5302,89.3932,3
53.8014,89.6682,3
53.4661,90.8453,3
53.2983,91.5594,3
53.5114,91.3654,3
53.2143,93.5916,3
53.0355,94.3065,3
53.0809,93.7324,3
53.3498,96.2394,3
53.5432,97.7965,3
53.3109,96.9136,3
53.5826,99.4645,3
53.2526,100.8974,3
53.6693,100.4512,3
55.2314,18.5170,3
55.3385,20.2940,3
55.2527,20.2904,3
55.0122,22.5521,3
55.0918,22.5248,3
55.2170,21.5688,3
54.8646,27.0509,3
54.8435,25.3382,3
54.7794,25.7691,3
54.8159,28.1367,3
55.2122,27.7518,3
55.1972,28.8925,3
55.2637,31.1399,3
55.8103,31.8254,3
55.0812,30.3775,3
54.9757,34.8629,3
55.4274,34.9019,3
55.1963,32.8514,3
55.1218,35.6207,3
54.6281,36.7311,3
55.1308,37.2293,3
55.1243,39.7090,3
54.7538,39.2316,3
54.6232,37.8078,3
55.1852,41.5041,3
55.2181,42.9002,3
54.8452,42.5117,3
54.8347,43.4432,3
55.0308,44.4744,3
54.8900,46.3091,3
54.6185,47.8734,3
54.7513,48.2674,3
55.0746,47.8707,3
54.7638,49.7706,3
55.2318,51.6729,3
55.1201,49.6718,3
55.0847,54.9241,3
55.0256,54.1998,3
54.8149,53.0719,3
55.1549,56.1601,3
54.8084,55.2549,3
55.2471,56.7557,3
55.3780,59.9736,3
55.0337,58.3873,3
55.3377,59.1555,3
54.7544,60.6041,3
55.1230,61.2464,3
54.9934,62.1837,3
55.1898,65.1353,3
54.5171,64.3280,3
55.1737,62.9930,3
54.8363,66.2662,3
55.0054,68.1174,3
55.5056,66.2858,3
55.1316,70.0743,3
55.0969,69.9544,3
55.0759,70.9209,3
55.2756,71.6187,3
55.1989,73.0831,3
55.0787,73.2624,3
55.0470,75.3228,3
55.0303,73.6587,3
54.9799,74.6712,3
54.7034,79.0065,3
55.1261,77.9087,3
54.8588,78.1532,3
55.2479,80.0694,3
54.9988,81.3407,3
54.5160,80.6465,3
54.8927,83.3479,3
54.8746,83.5515,3
55.4809,83.2053,3
55.0729,87.7030,3
54.8625,87.5679,3
55.0013,87.5433,3
55.1875,89.1958,3
54.9836,88.4975,3
55.0189,89.6385,3
54.9967,91.4867,3
54.9373,92.4685,3
55.3063,91.2238,3
54.8329,94.7673,3
55.3819,95.3423,3
54.6870,94.2847,3
54.7673,97.0407,3
55.4011,96.1744,3
54.5953,96.6200,3
55.0718,100.4656,3
55.1094,100.8818,3
54.5592,100.8913,3
33.3466,47.7402,1
47.7825,80.1732,2
23.4044,68.5343,1
26.6226,20.0842,1
53.2817,63.9703,3
36.9295,67.9913,2
34.7789,43.2038,1
53.7209,69.7335,3
40.1915,56.3834,2
22.9538,25.1479,1
25.7604,34.0878,1
39.7940,90.3203,2
23.6240,46.6306,1
40.1664,31.9417,2
51.8247,49.1077,3
14.5540,33.9747,1
51.9736,39.7695,3
39.8021,32.4932,2
18.7346,90.3391,2
16.6615,21.5000,1
32.5555,89.0181,2
24.6696,30.2530,1
54.2004,74.1391,3
48.2811,80.1711,2
41.4209,50.7651,2
24.5953,77.3567,2
42.2521,96.0471,3
35.5897,43.5697,2
32.0288,69.0971,1
29.2028,83.2906,2
36.3076,20.7549,2
35.6428,70.6883,2
51.1868,53.0977,3
35.8510,57.9998,2
33.9245,25.3843,1
50.3778,92.8330,3
34.6627,64.5244,1
12.5900,67.8360,1
29.3118,76.7235,2
12.1206,76.8710,2
22.9102,72.1364,1
38.2207,38.1473,2
29.8204,86.8507,2
37.2516,25.4991,2
29.9309,44.9417,1
38.8741,69.1651,2
10.4679,68.6156,1
43.0682,81.4984,2
12.6539,44.2927,1
28.9573,34.3817,1
28.9330,25.6904,1
15.0948,73.4956,1
21.8158,76.9125,2
12.1649,65.0162,1
27.6152,83.7577,2
45.2778,50.0448,2
38.0221,38.2039,2
36.1183,26.5012,2
29.5572,34.6182,1
49.7522,55.5921,2
36.5848,48.8305,2
22.9933,36.2336,1
51.0342,83.9573,3
15.9968,79.7380,2
28.8339,21.2317,1
33.7765,30.4037,1
19.4470,75.6833,2
21.5714,91.3511,2
39.5726,86.5827,2
37.6835,89.5080,2
26.2758,63.9312,1
33.2151,92.3033,2
17.4212,66.2449,1
43.9494,49.6040,2
49.0412,49.8412,2
17.7989,66.7239,1
28.9256,21.2152,1
13.1427,35.6222,1
44.6198,91.3632,2
34.5538,28.4452,1
34.0489,88.4484,2
43.7265,43.2879,2
15.5751,92.0545,2
48.4340,24.2972,2
47.0654,27.7770,2
12.8478,80.6881,2
34.1340,53.1638,1
50.6738,87.1443,3
12.5931,69.2870,1
44.7520,64.0392,2
54.2352,74.8838,3
14.6864,35.8638,1
47.1811,99.7405,3
14.4253,28.0263,1
44.3524,25.1483,2
13.0852,91.1053,2
46.0202,90.5251,2
39.2731,45.8029,2
50.7841,43.8979,3
22.3980,90.9120,2
40.6370,91.6538,2
17.0156,96.1837,3
37.5734,73.4428,2
51.1327,50.4602,3
42.3809,71.2272,2
45.4489,91.7554,2
40.6027,25.4112,2
18.2413,96.3183,3
53.5893,97.3931,3
11.6560,50.5959,1
44.1853,80.2309,2
13.8659,68.7591,1
16.4291,59.4567,1
20.7859,24.2529,1
13.6009,92.8714,2
43.5091,94.5459,2
31.1495,53.0634,1
26.1283,69.3046,1
25.8202,79.7019,2
46.0593,90.0676,2
20.9260,62.1618,1
20.0550,23.0045,1
41.8521,63.9185,2
42.5767,27.0098,2
54.7987,99.5479,3
30.9250,89.2847,2
20.9606,79.0053,2
49.5652,85.1733,2
46.5298,57.0421,2
46.8995,75.2564,2
15.9603,29.1348,1
44.7365,70.0371,2
33.3719,92.5809,2
39.6816,51.6917,2
28.6269,68.4195,1
44.2124,65.1483,2
32.8942,78.1521,2
41.7369,86.4277,2
12.8148,80.3962,2
33.1192,25.9755,1
40.5555,77.3232,2
33.5632,83.5039,2
23.5112,36.1526,1
25.7830,52.8040,1
41.3170,87.6416,2
42.4413,33.9190,2
26.4798,32.6731,1
40.9026,39.8538,2
33.6424,83.3464,2
40.1923,43.8699,2
24.9790,72.2691,1
34.7260,27.7115,1
49.3296,61.0091,2
31.3012,35.8751,1
26.9647,46.6260,1
22.1831,65.3925,1
30.8024,91.1358,2
52.3605,37.5579,3
14.5047,82.8270,2
54.7688,89.0880,3
11.0664,40.1011,1
11.9504,85.6624,2
36.1633,61.0975,2
34.9502,40.1961,1
37.0737,22.4534,2
39.0705,78.7547,2
40.2862,46.5694,2
47.1818,77.2435,2
15.7734,35.6115,1
38.6699,43.1533,2
15.3745,32.3975,1
17.4528,58.2233,1
37.3323,34.1122,2
42.0623,42.4810,2
24.0201,37.8799,1
45.3343,96.7851,3
32.1625,23.3625,1
21.7256,32.6440,1
47.9243,26.7883,2
53.4914,67.0811,3
33.2983,87.7880,2
11.2396,82.1722,2
15.2472,87.2622,2
33.8129,24.8904,1
47.4960,22.1851,2
16.2267,83.8260,2
30.9192,90.5111,2
38.5943,69.8823,2
23.1506,30.6944,1
53.2528,28.3838,3
33.8055,41.8055,1
21.8863,67.5669,1
45.9070,82.1744,2
49.0961,43.4322,2
30.9588,20.7468,1
43.6086,44.1875,2
35.2672,33.5440,2
46.8730,85.3818,2
49.4854,23.6750,2
54.6606,39.8224,3
23.9245,39.9469,1
22.0390,64.2129,1
20.7915,51.5017,1
39.5023,86.8821,2
41.1734,67.5458,2
16.6478,85.2892,2
11.6774,41.1353,1
12.5677,73.3943,1
26.5767,72.1639,1
25.6164,56.4593,1
30.6082,23.6465,1
29.3602,71.2851,1
34.5723,26.0227,1
40.0625,44.7090,2
10.6496,32.4476,1
32.3902,44.8321,1
41.2472,39.2523,2
44.7758,42.9182,2
37.9389,83.9373,2
27.3500,23.7444,1
34.0950,99.6327,3
53.6046,37.6818,3
44.0063,47.5961,2
17.2123,73.2732,1
32.5391,63.1384,1
47.2327,46.9235,2
40.0193,49.2953,2
11.9226,50.2412,1
52.7516,58.6610,3
14.8704,75.0261,2
53.3521,92.6356,3
35.7382,50.1025,2
36.1305,85.2745,2
48.7557,85.5075,2
30.4964,29.5086,1
35.6128,32.5143,2
12.7431,59.8934,1
39.4918,88.3318,2
45.2276,88.5792,2
44.2031,76.2592,2
10.4562,70.0882,1
15.4217,24.6934,1
17.0385,85.8634,2
43.4732,95.9018,3
54.0539,91.4627,3
15.9817,90.2706,2
47.7387,89.6869,2
16.8259,29.3433,1
51.5714,33.9061,3
26.5880,56.4788,1
15.5999,21.6507,1
54.7341,90.1326,3
51.0552,42.7650,3
19.9046,54.0693,1
30.3994,20.4480,1
45.0664,99.7334,3
33.7911,51.0607,1
27.6738,27.6862,1
21.9773,60.1706,1
29.4332,63.6028,1
48.2080,38.0194,2
11.2449,23.0580,1
16.0376,65.6386,1
46.3683,90.9445,2
38.5801,52.2515,2
16.9532,52.1135,1
24.9587,89.6021,2
31.9024,38.0957,1
22.9960,30.9176,1
51.3363,24.0277,3
10.5781,34.6391,1
46.4893,61.8773,2
38.1629,48.6185,2
13.0905,88.4927,2
18.6352,22.6447,1
35.7717,26.6631,2
14.3093,84.0302,2
32.1224,39.3207,1
25.6882,78.3393,2
12.9859,29.3184,1
37.7318,68.5577,2
53.7608,49.9640,3
12.9285,63.0030,1
38.7256,31.1682,2
34.8788,35.8214,1
48.0129,86.8129,2
29.3333,97.3395,3
54.0898,30.3401,3
26.5471,68.0257,1
13.8177,50.6124,1
21.7527,96.1640,3
28.5214,81.0137,2
27.4017,30.5450,1
48.8418,20.0334,2
12.5173,49.1508,1
40.9104,47.3363,2
12.9841,45.4272,1
21.0241,20.4336,1
34.0661,29.3317,1
22.9373,71.2952,1
42.6302,41.0765,2
24.8137,39.7527,1
53.0600,35.2416,3
18.2431,55.6028,1
18.5188,32.5367,1
14.3146,71.2137,1
37.5437,72.0130,2
44.7985,46.1086,2
51.3291,78.6564,3
46.2119,77.6770,2
26.1305,42.6426,1
29.0133,27.7624,1
30.3076,23.4513,1
10.1776,94.5199,2
41.0202,64.9478,2
25.3496,65.6430,1
50.1209,72.1904,3
37.1117,56.8164,2
25.5564,75.8838,2
54.1441,53.9806,3
27.6492,54.2491,1
29.1495,99.2500,3
41.8050,48.7348,2
26.7176,54.4638,1
11.6520,62.2253,1
46.5121,72.8454,2
18.9289,78.2427,2
42.3756,41.0031,2
38.0294,68.8759,2
47.7904,30.8858,2
18.7677,58.8776,1
11.9865,53.2475,1
45.4699,31.8972,2
30.6977,99.1815,3
32.7664,59.8659,1
35.1457,34.8803,2
16.6224,74.1884,1
27.8095,43.1925,1
11.4126,87.6840,2
11.4548,79.9986,2
27.1895,67.8950,1
21.1455,32.4320,1
34.0025,75.6494,2
18.7972,54.9087,1
30.0095,37.2783,1
35.4272,31.6749,2
32.9387,29.0745,1
31.8494,44.9279,1
30.3511,54.6999,1
50.8570,59.1948,3
46.8325,38.0522,2
25.8437,26.0072,1
28.9337,73.4960,1
47.7175,65.2732,2
38.8033,34.1814,2
11.6743,83.3351,2
17.5167,27.2936,1
52.1903,97.0817,3
37.7316,50.2910,2
47.4958,36.3776,2
29.3227,48.5614,1
51.0715,93.5822,3
39.2899,28.8592,2
31.6987,39.6263,1
49.8212,31.0722,2
12.4440,76.3543,2
30.3979,87.0692,2
13.3583,84.0861,2
11.6801,22.2456,1
30.7592,37.7033,1
36.7173,22.0654,2
11.5925,78.1719,2
19.4574,72.5134,1
43.7465,24.7465,2
44.6389,41.4737,2
27.5296,26.9311,1
47.7383,64.8583,2
32.7099,97.4844,3
25.0528,91.2623,2
42.3860,94.2822,2
50.8511,99.2824,3
15.9255,83.6813,2
46.2022,71.5499,2
22.5487,97.2119,3
19.1990,59.9660,1
33.4669,32.9463,1
42.5138,27.1094,2
41.1894,87.8892,2
25.7228,76.7537,2
17.0548,87.6759,2
52.8414,32.2155,3
41.1337,60.4665,2
33.9175,76.5192,2
31.9933,68.0261,1
20.3905,50.2805,1
48.9358,28.7922,2
36.8909,34.7430,2
48.0943,66.3235,2
28.1372,39.9860,1
29.6580,96.6090,3
32.9144,57.5592,1
43.5823,50.3238,2
29.2341,46.9558,1
16.7914,77.1047,2
49.2864,92.4474,2
49.6361,56.1427,2
22.7830,71.0339,1
52.9617,78.1641,3
32.2682,75.1047,2
44.7642,93.5415,2
44.3447,54.6552,2
22.3123,59.9905,1
24.7680,95.4212,3
32.8585,57.7645,1
25.6688,71.1526,1
33.4023,30.3239,1
49.1144,48.7210,2
29.4660,36.4534,1
34.9029,76.1644,2
49.6524,24.1286,2
53.7999,76.3054,3
22.7934,36.3580,1
23.3240,90.0581,2
23.1126,57.0257,1
41.7582,89.7592,2
39.6357,80.2487,2
17.7997,90.1926,2
22.4074,30.2703,1
53.9310,36.1312,3
16.1493,70.0817,1
24.3488,30.6679,1
37.0504,80.7188,2
45.6939,32.4410,2
35.0590,85.0943,2
17.2489,36.6146,1
10.1085,61.9707,1
18.7607,77.9394,2
53.2996,36.7004,3
39.2094,36.9468,2
10.8103,80.6843,2
29.5302,95.7430,3
34.0429,32.5986,1
30.2398,36.2313,1
49.5113,75.2723,2
25.3557,62.2256,1
40.1266,82.6286,2
13.6066,21.8015,1
15.1504,51.5997,1
31.0018,30.9169,1
28.5019,55.3298,1
14.9090,93.3328,2
36.9616,51.0828,2
32.8108,45.1358,1
48.4449,66.0012,2
32.2703,92.8708,2
47.7091,85.0242,2
20.1524,32.2498,1
41.0543,57.4914,2
40.7671,80.8502,2
23.2891,42.7720,1
32.0874,41.8839,1
40.0283,79.7384,2
31.2418,77.9040,2
32.9697,77.0297,2
20.1236,79.1074,2
42.1806,41.3285,2
35.0187,88.4249,2
21.2285,78.8784,2
52.9285,89.2994,3
28.0684,68.5766,1
54.6297,65.4750,3
15.1762,23.6345,1
45.5642,53.8903,2
21.1066,47.8138,1
44.0818,57.2198,2
49.0825,78.7940,2
53.8306,91.0803,3
21.4546,72.7247,1
10.9244,99.2885,3
21.7453,73.1836,1
48.2119,32.8372,2
48.1546,20.9797,2
29.8890,57.7630,1
26.8341,66.9108,1
51.1679,46.1591,3
36.0667,90.1970,2
44.7848,23.2587,2
52.4256,23.7318,3
36.4941,66.0283,2
45.3876,31.8754,2
18.0717,80.1686,2
16.7277,57.5556,1
42.9242,72.0994,2
19.4772,44.3168,1
53.6039,55.8937,3
12.0006,37.5668,1
25.4096,99.9592,3
23.6211,22.1117,1
33.0815,26.6884,1
22.3330,99.3907,3
41.7087,24.0533,2
30.1909,33.7310,1
15.5325,66.9652,1
32.7545,79.4293,2
50.1538,39.7346,3
51.5346,61.4393,3
21.6476,87.6629,2
11.5988,64.7607,1
42.4730,42.3982,2
48.8571,39.2228,2
47.7943,26.2836,2
17.1967,50.4788,1
48.4325,31.5668,2
49.3947,38.3785,2
30.3629,48.2188,1
15.3157,95.5448,3
29.7180,75.2265,2
35.8870,60.1373,2
37.7460,91.8674,2
41.4691,62.5984,2
39.0334,68.5115,2
29.4905,69.9811,1
29.9606,80.6092,2
53.6011,96.7892,3
46.9331,68.1407,2
43.7199,34.2439,2
31.5558,40.5844,1
10.1573,97.3390,3
48.8732,61.0959,2
21.4369,75.4380,2
29.5660,84.2680,2
54.9783,47.9266,3
20.9981,41.3906,1
14.2006,51.5237,1
10.7841,29.1516,1
22.2263,32.7890,1
42.9472,28.4484,2
48.9697,37.6892,2
14.8866,20.8085,1
42.1842,40.5293,2
32.9274,28.9293,1
54.3383,30.0308,3
28.5367,88.1320,2
21.0199,41.3577,1
46.3825,41.8672,2
10.1292,54.2331,1
10.5641,92.7834,2
38.8816,66.6411,2
19.0715,75.9957,2
40.4765,24.8371,2
49.6381,66.3531,2
45.6610,41.0331,2
15.4922,76.1960,2
45.7247,50.8827,2
11.0662,85.4603,2
19.2742,47.1226,1
38.2704,27.9964,2
13.2398,22.0563,1
51.2488,44.9106,3
39.7296,99.1388,3
40.1253,62.0076,2
33.4414,50.1534,1
36.9901,96.7033,3
45.4620,53.9381,2
24.9600,90.6825,2
16.1104,87.9668,2
21.4785,77.2503,2
46.2799,58.1597,2
18.6528,87.5814,2
26.5379,45.6544,1
32.9507,54.8069,1
40.7374,30.9758,2
29.6060,91.3361,2
11.6228,56.5871,1
39.7239,91.0169,2
36.7204,85.9587,2
20.0211,48.2248,1
52.3960,90.8780,3
35.1079,58.0391,2
30.2980,24.7032,1
50.1570,85.4520,3
30.5313,42.3552,1
25.4314,29.8528,1
42.4805,64.5336,2
20.5347,69.8404,1
54.0654,29.7916,3
30.6318,59.5327,1
17.5059,62.5264,1
37.2690,32.5876,2
16.9626,88.5079,2
24.0124,70.4267,1
38.2048,87.1337,2
43.2953,87.2461,2
38.1347,55.9566,2
27.7105,50.3224,1
28.8277,30.3447,1
29.0781,51.1556,1
11.5557,42.0105,1
43.8358,66.2356,2
46.2775,63.4150,2
48.4338,83.6854,2
14.4228,98.1605,3
10.6636,67.7470,1
45.6630,46.5515,2
36.9356,48.9698,2
12.7277,20.6769,1
14.2688,27.8728,1
37.4900,62.0692,2
30.4958,75.3537,2
10.7572,41.6787,1
44.9827,92.7982,2
29.7251,26.5187,1
45.9428,90.8136,2
28.6147,39.4684,1
11.9787,67.2866,1
50.9441,74.2310,3
24.2762,71.4311,1
47.4431,58.0664,2
46.8887,51.3528,2
25.6828,66.6391,1
30.9109,98.1690,3
33.2375,50.8138,1
27.7720,63.8352,1
25.9710,77.8325,2
27.1298,50.7316,1
37.7638,24.8678,2
39.4910,60.3978,2
30.3862,77.5402,2
44.1215,87.7009,2
26.8661,46.1630,1
42.1454,66.5444,2
38.4311,64.4418,2
44.7712,35.2033,2
35.0070,32.6481,2
28.3263,73.1195,1
32.1882,50.3673,1
49.8237,81.8261,2
33.6831,96.0042,3
29.0964,83.0458,2
17.5571,42.8634,1
25.2139,28.4657,1
32.5812,35.3808,1
38.5384,35.2074,2
15.5578,97.5269,3
39.6208,94.9161,2
32.0450,22.6722,1
35.8467,64.6663,2
10.6739,88.8994,2
37.8987,79.5753,2
32.2264,69.4722,1
21.5861,97.9006,3
28.0324,32.9861,1
12.5162,70.8938,1
54.2521,91.6636,3
41.5947,99.2478,3
42.5273,47.1401,2
37.0548,26.3813,2
19.9757,53.4032,1
19.0818,96.2801,3
54.8019,49.6749,3
41.9153,52.6217,2
16.2779,46.9541,1
20.5017,46.2463,1
19.6760,28.9876,1
19.7843,92.4606,2
13.8350,45.9805,1
33.7802,48.3610,1
33.2923,23.4736,1
39.1856,65.0783,2
40.6435,65.3806,2
29.7057,48.0113,1
20.1896,60.0054,1
11.1724,46.2593,1
40.5043,28.6974,2
12.8301,72.1743,1
27.8999,84.1460,2
52.1790,96.5632,3
29.1517,41.1462,1
37.3876,70.2554,2
38.0055,45.7423,2
12.8688,36.8004,1
16.9489,29.9120,1
51.6828,21.1078,3
37.0836,95.7979,3
26.2024,62.1678,1
41.3103,45.3736,2
31.4943,85.3682,2
43.5410,84.6760,2
54.4303,49.6262,3
43.6191,68.2228,2
39.9972,79.1899,2
43.7379,90.8596,2
25.7195,72.2785,1
22.6131,67.5655,1
43.8029,83.2801,2
28.9056,60.6976,1
25.0232,33.5229,1
21.7233,92.9710,2
23.9036,97.9807,3
20.8665,77.8457,2
35.8256,75.7496,2
38.9781,76.5399,2
50.7496,65.0776,3
13.0532,41.6660,1
41.8699,59.5260,2
34.6848,67.7264,1
27.2183,81.9116,2
42.5591,77.1440,2
42.1890,91.2286,2
36.7927,97.3658,3
15.3637,70.5567,1
42.2617,58.1776,2
22.9694,64.0030,1
26.4136,92.7299,2
26.0557,34.0566,1
35.9375,51.6794,2
14.3154,65.1874,1
34.2031,33.8558,1
36.8937,65.3887,2
44.8126,48.9256,2
21.1942,96.0976,3
35.2548,22.1712,2
46.9320,35.7406,2
45.3716,76.4130,2
53.5966,97.2463,3
22.3485,81.3160,2
24.2585,70.3358,1
36.8986,24.3635,2
10.2332,24.6211,1
15.7574,40.6122,1
50.8130,61.4906,3
45.8601,87.0649,2
43.0724,51.3108,2
48.8737,79.3640,2
43.4418,92.1259,2
36.9399,62.2860,2
50.0573,56.3569,3
46.5207,24.3077,2
10.0580,62.2634,1
13.3125,98.1234,3
10.2476,77.4520,2
20.9523,97.4042,3
27.1694,22.1827,1
11.2121,64.2699,1
54.4020,98.3819,3
25.1773,58.6163,1
14.5205,61.7741,1
36.9866,40.0849,2
37.5452,91.9754,2
10.0430,38.3147,1
19.4464,29.9109,1
17.4746,70.0730,1
14.6212,79.0825,2
49.9160,94.1270,2
39.7079,35.7917,2
13.8383,38.5620,1
53.2881,96.9876,3
27.1863,46.0633,1
32.9505,43.3350,1
54.0848,37.6977,3
26.6114,54.3497,1
15.6279,50.6260,1
48.5529,31.2289,2
36.2810,52.5310,2
17.6742,20.9869,1
22.3004,24.9463,1
26.9546,84.8168,2
42.3858,95.7907,3
29.2157,76.6241,2
39.9404,37.3637,2
23.6612,62.3864,1
45.8496,56.9450,2
20.2484,99.4773,3
15.2010,96.4711,3
46.4071,87.1115,2
45.7713,36.6537,2
38.4662,80.5400,2
43.5559,41.7252,2
18.1504,46.2498,1
31.5930,65.9025,1
47.6628,81.5227,2
40.4268,41.0791,2
31.5496,46.8349,1
20.5718,20.8196,1
25.2758,40.4893,1
35.7356,24.9841,2
22.1734,23.5816,1
38.8638,65.4552,2
25.1866,31.7868,1
53.1064,66.7514,3
40.5601,62.5079,2
46.2940,91.7104,2
27.2220,75.2020,2
20.3449,72.1484,1
27.9620,20.5425,1
52.9988,89.4753,3
23.0876,99.8206,3
24.2707,56.7075,1
48.3067,44.3677,2
30.2743,73.2470,1
15.8710,53.7880,1
23.9234,74.1419,1
16.1186,38.6185,1
42.0119,32.4979,2
28.9909,77.0305,2
44.4461,27.5905,2
48.3398,77.9178,2
25.2683,81.1042,2
42.7734,68.0713,2
35.1317,78.7763,2
54.9667,66.2842,3
46.3923,79.5419,2
48.5114,96.3620,3
18.6887,33.2368,1
36.3858,55.9436,2
35.6825,83.8434,2
51.9272,53.3933,3
42.3070,35.7439,2
34.0548,21.7444,1
32.6688,63.6269,1
43.0950,71.9588,2
26.1279,20.4585,1
15.1969,97.8448,3
51.5050,46.0075,3
21.6484,54.9133,1
41.0473,48.5462,2
13.0282,52.2236,1
21.7265,45.9944,1
17.3331,72.7072,1
33.6984,41.6690,1
34.9238,59.4166,1
45.8189,96.4787,3
15.8802,90.7131,2
41.7159,75.4043,2
26.8435,47.5127,1
10.2538,98.5764,3
37.2928,52.1863,2
34.4696,23.2422,1
17.8143,69.8688,1
33.1418,82.9660,2
39.6434,68.1149,2
46.6870,25.4610,2
41.0899,77.2473,2
22.3824,35.6520,1
19.6234,35.8513,1
33.5702,30.8501,1
39.6679,28.4063,2
11.2100,45.5432,1
18.6337,99.0930,3
23.6348,37.7651,1
18.8546,49.9082,1
37.2632,82.5556,2
26.4059,70.0777,1
31.6927,87.7196,2
35.6069,43.1913,2
41.6614,85.6052,2
30.9448,98.9758,3
49.5594,35.7564,2
45.4040,68.0761,2
34.0665,61.1151,1
48.4035,68.8698,2
34.1968,23.9088,1
30.1736,92.6433,2
42.0282,24.0763,2
49.7797,86.1334,2
34.6008,21.7924,1
35.3093,24.3671,2
24.4171,70.3128,1
51.0811,48.6236,3
48.7011,93.4689,2
10.9470,39.1542,1
41.9438,80.5474,2
27.6588,72.5404,1
37.5471,79.1820,2
42.3396,26.8697,2
17.1213,30.6182,1
51.9616,93.0834,3
45.8836,29.3375,2
35.8422,34.9785,2
26.5773,41.3673,1
47.3019,31.5561,2
39.0781,98.7116,3
40.9175,26.3387,2
50.8532,71.4464,3
30.5340,72.7754,1
49.5570,58.1702,2
33.9095,56.1958,1
13.2666,82.9656,2
15.6885,51.5656,1
27.4070,42.4033,1
28.1128,69.4407,1
24.0124,33.8010,1
49.1215,97.6666,3
30.6363,46.1616,1
12.1367,22.9481,1
27.6797,94.4194,2
42.8819,47.9416,2
53.5621,54.3006,3
22.4557,54.1083,1
19.5194,90.8511,2
26.2528,72.6375,1
27.5071,92.1385,2
38.9071,59.0602,2
15.9464,92.1533,2
34.6068,42.8042,1
49.5067,24.3552,2
24.1335,62.9463,1
25.2916,58.1387,1
21.8942,30.4066,1
11.6584,32.6117,1
52.8826,66.0322,3
32.0032,50.7459,1
41.8789,31.3008,2
22.4258,72.4722,1
31.5579,81.6074,2
50.3699,85.8698,3
18.2893,27.3176,1
17.6248,82.6825,2
51.1224,94.0359,3
23.4197,87.2273,2
34.1306,85.8233,2
34.6764,31.6715,1
13.5649,96.5775,3
29.1611,48.0417,1
26.0336,50.3148,1
52.5249,25.0164,3
15.3578,83.1721,2
34.7234,30.2829,1
11.5507,37.9387,1
21.7365,21.1370,1
19.7241,79.0655,2
48.4945,91.8589,2
27.5461,45.5531,1
54.9937,81.5472,3
34.1808,40.3817,1
24.4587,61.2291,1
34.3937,21.0943,1
53.1730,66.0485,3
36.5121,36.9177,2
44.4244,78.9812,2
14.2821,67.5995,1
39.6187,86.8455,2
19.2741,90.2108,2
30.7666,27.7219,1
14.7530,35.8244,1
22.7238,59.7125,1
43.6938,34.9381,2
54.6693,32.9218,3
36.9720,94.3152,2
47.4628,71.8311,2
42.1972,30.7365,2
10.4348,54.7319,1
14.0284,48.6202,1
20.0684,93.3077,2
49.6025,85.5154,2
42.1275,32.3258,2
12.1765,72.3110,1
38.9016,49.5539,2
31.2709,59.1320,1
20.7968,45.1333,1
28.8275,68.2543,1
53.0119,63.0788,3
42.9024,84.5601,2
15.1079,72.2500,1
31.6950,65.7945,1
11.7288,92.4973,2
52.8753,20.2786,3
19.5756,34.4155,1
45.1587,67.8464,2
17.9800,85.1177,2
25.9064,56.8685,1
27.4288,61.7104,1
31.6064,41.9667,1
29.1050,92.6670,2
32.6302,93.3109,2
34.7557,81.5054,2
23.2116,83.2331,2
21.8945,21.5640,1
17.2328,21.7322,1
52.6178,99.9982,3
44.3004,28.6503,2
50.4525,79.5021,3
24.9510,60.1822,1
39.7792,21.9240,2
32.5693,78.5916,2
18.4701,55.5032,1
33.9639,78.8452,2
53.4004,87.8620,3
37.9683,66.6913,2
37.1434,63.6143,2
12.6713,75.8637,2
42.2352,60.9984,2
49.1674,73.7949,2
26.3199,21.5755,1
12.6623,48.1439,1
30.7947,33.3497,1
18.5198,38.4169,1
45.1231,81.7030,2
27.2323,33.7892,1
14.9909,26.9703,1
27.6076,23.6434,1
25.0136,96.9227,3
32.8377,85.8116,2
15.8170,41.4463,1
52.5946,50.6842,3
39.1783,98.0901,3
34.7854,44.4277,1
33.9377,24.3710,1
15.0566,20.5737,1
49.7895,73.7024,2
23.4248,37.6929,1
40.7384,93.5626,2
23.4613,45.7247,1
48.4408,91.4701,2
51.1316,43.4523,3
15.4141,55.1998,1
23.3094,90.7093,2
11.6486,70.7104,1
50.7782,98.1336,3
39.2559,95.9938,3
13.4047,48.7423,1
10.3922,98.4947,3
50.6227,22.2442,3
10.8160,49.3576,1
21.6342,87.7546,2
17.2218,83.2520,2
34.9507,50.1913,1
16.5574,99.8153,3
37.8094,55.1506,2
26.7007,92.4583,2
46.9536,84.8949,2
37.7289,91.0365,2
23.4675,76.2965,2
28.2001,67.9999,1
54.9169,98.7620,3
33.0679,65.9091,1
50.3795,98.8509,3
45.0373,25.2148,2
24.5188,91.7250,2
44.5759,79.3786,2
40.0565,53.2211,2
28.1459,84.7146,2
23.2201,74.7866,1
42.6794,87.5645,2
24.3949,79.3511,2
14.7920,31.0449,1
28.7801,24.4181,1
52.6464,92.1517,3
12.2020,87.0649,2
32.8993,76.1570,2
49.9119,66.1580,2
15.2347,20.2063,1
32.3615,95.9386,3
35.7680,49.8351,2
11.3915,93.1984,2
24.7220,76.3822,2
41.2407,40.3107,2
12.8700,50.8000,1
24.2709,76.0205,2
46.8902,37.7956,2
33.7704,23.2487,1
19.6415,80.9409,2
45.7029,82.1124,2
16.4075,64.0828,1
29.0219,99.3189,3
39.4331,94.8162,2
16.5408,56.0699,1
44.7223,49.4286,2
38.4629,60.9362,2
54.6368,33.9098,3
52.0907,52.1257,3
31.0597,62.2882,1
21.9415,97.0926,3
51.0169,97.8324,3
54.8614,73.5840,3
30.3258,88.0587,2
11.0712,86.7523,2
32.3779,73.8576,1
26.8321,49.4899,1
11.4273,53.9032,1
28.3759,37.9833,1
21.1295,66.7312,1
24.2997,86.4202,2
15.0123,66.2116,1
17.2020,62.2593,1
34.8646,71.3838,1
29.2341,60.7580,1
18.1429,57.0412,1
26.7864,73.2905,1
29.5670,82.3473,2
29.1696,38.8617,1
22.3160,23.6228,1
34.2963,86.4705,2
44.6100,55.0232,2
18.8254,89.0788,2
12.5551,51.9378,1
48.5477,51.4541,2
15.3044,41.2760,1
37.0013,32.1629,2
39.4721,55.0530,2
25.0475,39.2740,1
47.0499,51.7339,2
43.2316,55.2284,2
14.1340,55.2405,1
32.8460,56.6274,1
46.7309,92.8681,2
45.4050,66.6226,2
34.3652,71.5693,1
22.9524,84.9477,2
48.5582,41.3774,2
50.6268,87.8986,3
29.1019,92.7200,2
15.4198,22.2389,1
25.6540,65.2349,1
25.8149,95.3654,3
21.4620,42.4971,1
38.5672,20.3091,2
42.7401,50.1976,2
53.9987,75.3134,3
12.3497,27.4102,1
13.9676,96.2098,3
40.7823,54.2085,2
19.0217,89.8912,2
19.0700,76.5343,2
44.3496,43.5725,2
32.7212,37.8391,1
27.0518,97.2108,3
41.1912,87.7291,2
34.3270,39.1232,1
42.0796,60.0454,2
17.9582,52.9944,1
38.5678,78.8265,2
20.9449,90.0798,2
27.0798,41.6909,1
18.7804,84.3337,2
25.9374,58.6719,1
20.0269,74.8873,1
45.1465,47.1540,2
52.5286,22.4488,3
15.9824,67.1030,1
41.5633,40.0546,2
34.9332,45.4709,1
34.9340,72.7462,1
53.7764,56.4557,3
39.1697,66.2431,2
24.2900,40.2451,1
54.4542,36.5482,3
45.5624,31.7270,2
46.1958,34.8583,2
53.5220,74.8790,3
14.0553,75.4542,2
37.1629,47.0037,2
21.7331,77.5009,2
43.3613,46.1765,2
49.4302,41.5062,2
13.1439,67.9894,1
14.8182,42.1331,1
32.8234,42.9088,1
19.6748,76.2548,2
34.6150,87.1809,2
36.1558,58.6758,2
21.7565,83.3653,2
18.8592,39.3783,1
47.8715,79.2954,2
37.5793,23.1136,2
15.7266,59.9966,1
43.5853,57.1281,2
10.7782,34.7416,1
36.4945,75.5374,2
11.5043,23.4665,1
21.7590,26.6801,1
34.3876,29.8962,1
39.1699,82.1780,2
53.6732,95.8726,3
22.3014,22.3528,1
24.8235,76.6784,2
12.6911,48.7770,1
23.4116,37.5476,1
41.7759,72.7278,2
34.0972,92.8620,2
14.6412,31.9751,1
27.2552,72.4706,1
36.2836,25.9234,2
53.1291,44.4052,3
26.1538,69.8904,1
52.5324,73.0151,3
52.9648,35.0073,3
37.8464,86.3103,2
32.9061,48.9739,1
54.3141,31.2790,3
28.4918,89.8699,2
50.5216,98.4306,3
49.8181,24.0766,2
51.8395,54.2534,3
39.3229,51.5421,2
46.6151,66.0735,2
48.0495,35.5017,2
18.3242,55.2301,1
10.2138,75.4282,2
23.3224,64.5839,1
13.1502,33.6516,1
38.0287,44.4530,2
19.6625,38.3077,1
19.6669,69.8281,1
17.5461,49.0165,1
40.9549,61.0937,2
36.8776,40.0726,2
51.9722,53.1103,3
22.9134,92.3461,2
39.4880,69.1157,2
49.9031,24.6832,2
47.6956,74.2291,2
26.1997,40.5081,1
14.7163,95.2859,3
16.3860,40.7551,1
41.0998,76.8122,2
17.2346,85.1305,2
32.9629,87.8765,2
13.9278,23.4264,1
38.6646,32.0019,2
33.6227,21.1287,1
45.0968,91.9624,2
47.7497,96.6682,3
50.6393,55.5214,3
27.9257,91.6947,2
51.7122,97.8269,3
44.5743,36.1591,2
52.5229,95.7713,3
39.9759,88.5824,2
35.2529,95.5302,3
14.2271,89.1171,2
12.4977,47.1286,1
16.0897,58.3308,1
20.4511,96.1658,3
35.1695,91.8185,2
22.5126,22.0782,1
44.9045,76.1902,2
34.5471,85.2274,2
47.8038,67.0323,2
53.4668,77.5770,3
40.4594,48.9137,2
10.1016,39.2754,1
44.3764,76.7897,2
24.8960,70.0466,1
18.7879,41.0902,1
52.6334,53.0544,3
21.0244,58.9687,1
27.4157,78.3623,2
53.2952,67.3390,3
36.6016,49.1867,2
35.4084,45.5463,2
10.0491,89.2877,2
29.3250,59.3671,1
13.7575,86.9688,2
17.6652,52.8497,1
47.8120,56.6226,2
51.9019,36.7451,3
42.1855,98.2399,3
34.7326,75.3747,2
27.6952,80.1070,2
50.8993,76.2444,3
52.1168,67.0922,3
35.9712,44.3702,2
41.9332,90.5562,2
39.0842,38.6431,2
34.4849,80.4750,2
52.2714,32.5277,3
15.7374,53.0355,1
15.6525,98.4343,3
29.0937,62.6888,1
20.2190,55.9301,1
54.3112,59.0950,3
10.3971,39.4022,1
54.0305,99.1254,3
19.4722,69.2211,1
13.4609,66.1953,1
15.6664,85.4929,2
52.2809,33.8389,3
30.8220,28.1634,1
25.2613,25.2078,1
21.9046,99.2179,3
12.0071,88.7175,2
13.4854,62.3198,1
30.3454,94.5244,2
18.9572,34.3746,1
43.6921,78.0576,2
41.4632,22.0902,2
21.6982,87.1916,2
37.0386,68.1756,2
23.3162,40.8138,1
52.5950,78.2204,3
15.7090,95.0166,3
36.2067,46.6690,2
27.8713,78.0324,2
26.9323,66.2996,1
41.9725,35.6300,2
52.4909,48.4938,3
28.8719,75.8811,2
37.3953,55.2096,2
39.2384,92.2263,2
46.0128,85.9407,2
21.6284,53.5523,1
34.9219,23.5353,1
44.6406,45.8771,2
22.7168,40.7434,1
22.7521,47.0412,1
37.2171,66.6852,2
21.5070,36.5139,1
47.1861,27.4179,2
33.0770,61.6449,1
35.8362,90.8520,2
38.0761,97.8907,3
49.2109,37.1792,2
20.8532,47.5819,1
27.6181,64.2396,1
20.4631,37.7876,1
27.1625,73.7618,1
40.9657,98.0893,3
19.1087,51.4287,1
53.4105,75.2007,3
36.6525,63.1717,2
13.3980,91.4699,2
38.1477,65.7334,2
34.2775,51.3531,1
21.4599,80.4258,2
32.9305,22.7152,1
27.9593,94.2883,2
26.8253,53.0586,1
38.0783,84.1340,2
40.0807,88.0044,2
15.1287,93.9674,2
50.6765,61.5319,3
38.1134,37.0250,2
30.1576,36.2163,1
10.9890,98.4722,3
21.6616,67.4487,1
23.5113,49.6497,1
27.8993,46.8037,1
38.6830,96.8749,3
29.2886,97.8661,3
40.0509,68.5709,2
20.6697,25.0337,1
48.3371,65.9185,2
28.6486,84.9574,2
23.9761,82.6894,2
24.7584,93.6705,2
22.0585,31.0043,1
41.4144,33.0278,2
52.7213,72.4444,3
20.3887,36.7055,1
51.5744,68.6286,3
50.2181,28.8180,3
51.6427,61.6039,3
40.0790,49.8300,2
12.6613,96.6378,3
54.7569,49.1637,3
52.4741,33.4181,3
16.9608,25.8489,1
27.6071,24.1842,1
27.7596,31.0712,1
42.8738,86.6690,2
40.9517,36.0395,2
44.5082,39.9600,2
44.1770,65.3918,2
26.5021,26.6794,1
47.2379,95.1722,3
39.9663,97.1633,3
52.0350,35.5687,3
42.9046,47.9444,2
31.9383,32.5572,1
53.8651,78.0910,3
22.0109,49.7177,1
29.0117,79.8027,2
51.6564,45.7152,3
31.2625,67.4566,1
27.7005,60.3345,1
14.7568,33.4140,1
28.0496,93.1951,2
25.7211,39.9834,1
43.4288,95.9304,3
30.6606,20.6884,1
40.9667,53.2049,2
40.3140,42.2173,2
10.1084,47.5597,1
41.7157,51.4491,2
19.8628,57.1205,1
43.8557,29.5546,2
41.1288,73.3875,2
26.6832,97.6269,3
50.2617,45.2929,3
11.3991,44.6644,1
19.2125,63.7802,1
51.3435,89.6270,3
23.7623,54.2878,1
11.6444,63.5331,1
12.8516,95.0885,3
49.0120,37.1350,2
41.4716,65.4416,2
46.0611,58.0522,2
18.6297,71.1875,1
13.6126,66.7670,1
19.5717,74.7949,1
47.2619,28.7620,2
28.0121,78.6817,2
17.3666,65.3219,1
40.2328,48.3835,2
47.4392,60.8527,2
38.2148,31.2698,2
11.0422,24.0599,1
50.6764,90.6114,3
46.3416,35.9690,2
33.6456,83.6894,2
40.3601,29.2417,2
50.2994,32.8546,3
17.7308,92.0807,2
31.8078,49.8313,1
34.9146,98.5118,3
15.3834,80.5559,2
25.0447,29.3639,1
28.9870,63.9002,1
19.2683,52.4216,1
38.6054,66.1158,2
42.5422,86.9124,2
28.4113,53.8374,1
32.3511,65.3083,1
14.8745,45.0108,1
17.7351,50.8682,1
53.8009,66.6185,3
29.3222,65.2749,1
40.1084,54.7963,2
30.1469,76.1121,2
12.7388,63.2064,1
34.6298,80.5402,2
54.2190,83.6604,3
32.6705,33.5563,1
36.4717,86.7439,2
51.9586,86.0248,3
18.5036,77.0061,2
49.6070,74.4814,2
40.8588,60.0130,2
38.6639,43.5505,2
13.9965,86.2172,2
52.4415,88.5458,3
25.0261,27.4824,1
22.6062,87.4268,2
39.5117,97.3355,3
25.4206,64.1178,1
45.5517,38.7194,2
53.3840,67.3918,3
10.3554,22.0123,1
49.6997,71.6225,2
44.3383,82.7213,2
28.9207,83.8889,2
52.1890,33.7737,3
44.3861,44.6234,2
24.4672,53.0204,1
48.8674,21.7645,2
29.5267,74.4038,1
14.9687,83.3803,2
52.3856,27.2748,3
16.8827,97.9278,3
18.9035,26.3152,1
52.8487,91.4098,3
39.5076,64.1145,2
51.3655,72.4416,3
39.6278,87.4948,2
39.3961,60.2942,2
27.5375,60.2507,1
33.5115,48.8666,1
30.1653,84.1498,2
28.7431,22.0448,1
22.7359,38.5393,1
45.7112,55.9434,2
22.6140,84.8564,2
10.8648,33.9401,1
47.2130,64.0521,2
44.8142,87.0541,2
52.3884,25.0740,3
45.9656,76.7013,2
19.3162,94.5362,2
28.1891,91.0088,2
37.2301,62.1398,2
17.1786,93.1462,2
35.0498,20.4874,2
10.8228,82.2106,2
17.2871,67.8991,1
40.6487,42.3492,2
35.6191,39.2207,2
52.5842,88.8136,3
22.9619,62.3052,1
32.5285,96.8019,3
27.7313,64.9782,1
51.7918,33.0249,3
34.7719,28.4538,1
37.7875,49.2547,2
53.5436,53.2327,3
16.1284,86.7200,2
46.9390,75.5888,2
43.6965,41.1772,2
38.8924,23.0416,2
18.8601,94.5824,2
43.2656,38.4538,2
15.0122,95.9136,3
15.0484,40.5656,1
18.2185,20.5971,1
24.1361,97.9343,3
25.3856,60.3444,1
43.5671,64.0864,2
43.4616,72.9309,2
37.3853,71.9719,2
45.9624,76.8153,2
45.6299,31.6478,2
40.4953,78.9618,2
23.4985,89.9662,2
23.7120,39.5066,1
49.0194,39.7616,2
28.6976,49.4338,1
50.4128,56.4189,3
41.2439,83.5231,2
38.2557,95.4956,3
46.1128,52.0165,2
52.7865,61.9660,3
11.0160,40.8011,1
37.9778,32.5452,2
36.2831,48.9278,2
34.0473,20.1500,1
48.1790,48.9540,2
16.3071,55.0333,1
31.8780,70.9922,1
33.6053,23.4819,1
49.2181,56.5207,2
13.4644,81.8263,2
39.7069,71.9550,2
29.2111,52.8398,1
34.1352,24.0476,1
23.4531,99.0315,3
39.7987,53.5147,2
20.0063,79.6168,2
21.7131,32.9896,1
16.9532,78.3411,2
38.9265,25.5845,2
15.1769,70.7077,1
35.7002,74.8799,2
18.0118,78.1270,2
52.1243,68.0840,3
18.8259,74.3635,1
25.4387,23.9430,1
23.6052,92.4468,2
28.5013,89.1732,2
32.8897,61.3582,1
10.2347,70.9683,1
14.8516,58.2999,1
21.7143,51.3906,1
34.1685,21.1571,1
22.8063,99.1690,3
12.5830,45.5515,1
24.4640,50.3509,1
40.8151,39.8195,2
30.7121,71.5891,1
24.5045,95.9018,3
54.0853,29.5739,3
25.4719,36.6378,1
18.4055,59.2784,1
35.3722,54.0522,2
22.2650,42.2897,1
54.6458,93.8942,3
13.4154,72.5241,1
30.5595,75.1051,2
36.8632,91.1402,2
13.0145,47.9678,1
54.3472,34.5828,3
15.7300,78.3178,2
44.9846,73.7819,2
44.9288,75.4977,2
16.1097,68.6578,1
44.9594,89.2413,2
21.0806,30.1945,1
45.1491,40.5239,2
11.4368,86.0171,2
32.7696,46.1306,1
10.5143,22.8262,1
45.6680,59.1765,2
16.7375,48.6805,1
17.4387,29.0305,1
22.4339,63.9607,1
19.4503,47.4937,1
31.5069,53.6024,1
15.7883,23.1093,1
11.5956,48.0143,1
42.3461,30.5004,2
45.4141,77.2539,2
10.1775,22.1398,1
18.7765,24.4897,1
33.9104,23.1702,1
46.1191,59.4370,2
42.7579,80.0562,2
32.8044,94.0290,2
54.5608,48.7372,3
15.6639,49.0591,1
20.0509,62.4805,1
27.0274,58.4360,1
44.3434,41.9217,2
34.1864,46.8129,1
45.3232,71.1629,2
10.3827,72.8041,1
17.6573,77.9579,2
35.5302,52.1186,2
41.2330,88.5275,2
45.0435,63.6303,2
42.5212,53.1132,2
45.5062,86.3242,2
16.1782,39.0425,1
22.1495,33.2865,1
27.6641,35.4427,1
36.7993,28.1292,2
22.1464,73.2417,1
27.9345,53.7170,1
45.9066,98.7609,3
35.4281,26.3254,2
14.6306,97.4801,3
40.5656,80.1975,2
40.4094,34.3694,2
30.1763,83.8464,2
48.9863,38.9868,2
36.8183,32.5682,2
53.1225,40.1763,3
42.6986,38.4890,2
37.7224,72.7411,2
24.7793,85.5067,2
49.8417,88.4056,2
24.8859,79.5472,2
35.1771,67.4103,2
31.4841,68.0209,1
16.1044,52.7078,1
17.9952,42.4084,1
15.7517,36.9996,1
45.1868,63.9869,2
11.0639,83.0820,2
50.9261,90.4343,3
47.0358,99.3773,3
36.3881,97.0070,3
52.6980,45.0591,3
48.8545,83.3978,2
44.9109,91.7025,2
27.2886,52.0044,1
38.8024,79.0244,2
49.5882,90.0676,2
42.4603,96.5514,3
18.0383,96.0272,3
12.8886,64.4498,1
14.0589,65.4401,1
27.5549,26.5288,1
39.1653,78.4958,2
17.8383,75.5549,2
18.0571,30.9917,1
16.6313,67.9263,1
45.0456,67.7515,2
46.4208,67.3182,2
45.8795,98.1218,3
27.5932,31.9954,1
16.0929,67.7982,1
34.6196,34.7388,1
49.6947,96.5399,3
21.3947,36.5506,1
19.6265,50.9937,1
48.3952,67.6768,2
13.0399,57.8383,1
14.0649,52.4971,1
28.1584,71.8682,1
34.7254,89.9804,2
10.7324,81.9199,2
11.0196,44.3432,1
49.5848,75.2331,2
17.7399,59.2628,1
42.4857,94.9875,2
38.5445,21.9740,2
32.4866,32.2369,1
12.1501,67.8809,1
44.9615,22.8848,2
45.2615,76.5110,2
43.8394,39.5783,2
27.7118,29.5801,1
20.7501,44.2232,1
24.3746,34.0032,1
18.4920,92.1176,2
45.2752,47.5582,2
52.6440,39.1138,3
28.3069,85.0820,2
29.9299,38.7700,1
26.5841,60.0577,1
37.9290,52.4485,2
29.4087,41.1155,1
34.0906,37.5565,1
49.0387,79.7894,2
28.4626,79.7782,2
10.3148,47.5591,1
29.8136,57.5839,1
43.6929,97.0246,3
27.0999,48.0480,1
37.4732,42.5003,2
16.3608,96.9233,3
46.4288,96.6800,3
19.8025,21.4247,1
29.6768,94.6887,2
16.2246,29.3748,1
13.1029,81.2014,2
45.3667,75.6301,2
12.3981,77.8631,2
30.1883,32.6316,1
23.2807,60.0917,1
24.8343,97.5799,3
31.3634,49.7720,1
40.2924,72.0436,2
10.1098,69.4779,1
20.9696,50.0187,1
41.7857,64.5909,2
26.5895,33.3928,1
32.7467,45.5493,1
51.0818,62.7477,3
48.9684,51.2145,2
47.2347,24.5230,2
23.4154,26.2541,1
11.4243,93.5090,2
42.2591,70.0088,2
33.9622,65.5643,1
38.7411,86.1264,2
36.8600,79.8865,2
22.6440,98.1409,3
11.4354,50.9261,1
49.6922,34.4418,2
16.3602,49.2345,1
29.2688,94.6715,2
47.6254,57.1272,2
53.7839,71.3823,3
49.3146,39.6846,2
32.0034,22.3774,1
10.3996,76.4363,2
15.3232,63.8247,1
41.3203,22.5788,2
30.1934,74.7322,1
50.0379,43.9384,3
53.8397,87.5633,3
39.2786,51.3540,2
42.0000,85.2955,2
23.6485,99.4264,3
50.8879,58.8401,3
42.5273,61.9207,2
44.2419,86.1586,2
11.0450,26.3306,1
25.1410,93.4091,2
27.9223,91.0010,2
30.8095,43.1082,1
50.5290,64.8537,3
26.2218,23.5526,1
14.9920,31.1448,1
26.4176,68.5866,1
23.8416,25.2422,1
21.9164,52.6945,1
54.6521,51.4390,3
14.0138,66.4892,1
51.3838,82.9357,3
47.6298,94.2585,2
38.6445,99.5938,3
11.4977,86.7872,2
48.5655,93.3360,2
31.5176,83.0205,2
18.7786,68.2504,1
26.1390,67.6939,1
40.4002,47.7655,2
19.7307,45.7350,1
39.8781,74.1499,2
43.3593,30.1229,2
46.8333,75.0518,2
11.3727,46.8478,1
31.0020,48.8494,1
15.2838,36.5877,1
11.1053,27.4462,1
21.9835,85.5976,2
33.6987,53.9598,1
39.7973,63.3208,2
15.9181,37.8099,1
20.0135,67.9962,1
30.7731,51.0068,1
35.0488,97.6093,3
24.1387,61.6156,1
31.6167,77.3314,2
42.8631,78.3257,2
19.0684,55.9275,1
46.5029,50.5224,2
54.2915,49.1829,3
32.3950,57.9620,1
29.5149,87.6505,2
16.9874,65.4132,1
37.8371,88.0977,2
37.4140,96.8016,3
49.2475,47.8992,2
48.6958,96.6782,3
21.5739,68.8167,1
22.6812,71.9654,1
14.2139,78.7350,2
28.8919,66.9846,1
11.1638,75.6353,2
32.3196,70.0201,1
24.2051,31.6656,1
29.5943,95.5183,3
20.2507,74.0671,1
12.2430,77.4480,2
20.7297,56.1214,1
26.5489,29.0272,1
25.5512,48.0100,1
33.4948,97.7881,3
31.1508,93.1541,2
30.7701,28.6035,1
20.3569,52.6014,1
24.6416,89.2663,2
40.5391,66.2647,2
32.1053,51.7817,1
37.5487,29.9686,2
17.3140,44.2493,1
17.7033,74.1679,1
11.1146,32.8142,1
50.6174,99.8035,3
31.9416,59.6296,1
44.8029,22.8952,2
29.2160,27.9862,1
28.0417,98.7057,3
43.9135,98.8037,3
43.5722,68.6488,2
43.9399,72.7273,2
30.8830,43.4037,1
33.4080,40.6795,1
31.9004,31.6908,1
35.4428,39.6227,2
23.2124,59.9223,1
17.3137,96.9904,3
30.1125,48.1823,1
11.3138,87.4604,2
38.1625,53.3124,2
21.0490,79.6110,2
52.5464,50.4648,3
16.0694,28.7356,1
10.2863,79.5164,2
54.1628,99.4254,3
45.2889,32.9747,2
53.9969,46.2251,3
25.0129,74.9870,1
12.2072,86.0616,2
54.8784,82.0056,3
45.1754,51.2251,2
12.9665,83.4134,2
36.8721,92.7471,2
15.2183,44.4098,1
26.2295,74.6624,1
45.4485,96.8816,3
23.2933,59.4909,1
11.3032,40.2390,1
26.8302,67.5045,1
31.1880,49.1580,1
38.0835,86.2893,2
20.8757,47.4301,1
41.7216,82.2352,2
47.1429,36.7465,2
34.2670,92.0009,2
27.6378,54.3906,1
54.3170,29.0442,3
41.7521,88.0147,2
16.7857,77.1563,2
31.1382,88.2313,2
50.8354,89.7988,3
12.8973,80.5484,2
51.4687,69.7079,3
37.0394,23.6004,2
48.5215,23.7123,2
24.1079,94.0690,2
52.7385,99.3520,3
31.4381,34.1944,1
31.9575,28.1850,1
49.2641,64.8430,2
28.2028,26.3625,1
28.2358,89.2953,2
41.6533,26.5964,2
17.1958,51.3847,1
14.5619,94.7233,2
39.3531,27.5858,2
45.4626,49.4725,2
21.0192,65.5988,1
10.6017,57.2318,1
47.9712,94.2446,2
25.4150,71.3949,1
20.2071,64.8170,1
21.4312,65.7085,1
17.7275,95.2986,3
49.9113,46.9535,2
44.9498,27.6403,2
43.3162,42.5967,2
16.1039,74.2553,1
31.1413,62.4112,1
33.4238,24.7558,1
12.3121,68.0934,1
38.0739,23.7740,2
27.0298,69.0281,1
39.5506,86.2621,2
28.9330,63.8606,1
36.0352,44.9636,2
12.4221,20.3381,1
47.6256,36.0185,2
38.3615,66.1638,2
27.9835,86.6795,2
41.4281,21.8193,2
44.9512,60.5599,2
25.6159,78.1508,2
40.8730,44.8471,2
54.2367,71.8967,3
37.2601,25.5904,2
22.5693,55.7579,1
38.3782,61.0211,2
44.3365,41.0054,2
41.5971,85.3278,2
44.4272,81.6677,2
49.9828,26.7343,2
41.3736,97.4943,3
35.8143,37.3853,2
54.9439,33.9742,3
25.1001,33.7650,1
30.9031,53.5101,1
32.1058,94.2387,2
31.5246,61.1701,1
49.9007,85.4206,2
20.7875,21.0341,1
38.3275,87.5880,2
34.8783,36.8942,1
43.3610,73.5631,2
35.4265,89.0669,2
45.2909,73.4362,2
39.9141,72.9762,2
33.6324,57.1137,1
41.9320,68.8396,2
32.0491,30.1329,1
41.5868,71.6799,2
25.4012,48.5059,1
21.1025,96.9532,3
48.7091,64.8839,2
28.0744,78.9460,2
33.7478,98.0681,3
12.4805,22.7429,1
35.5875,36.2623,2
37.1937,82.5138,2
16.2149,55.2487,1
40.9900,86.7091,2
32.3355,36.4923,1
36.3610,56.3614,2
44.7366,64.4461,2
22.5740,80.3514,2
33.2986,34.2037,1
35.3383,95.8656,3
41.7482,43.9043,2
41.9893,42.6085,2
34.4210,62.1277,1
21.1326,47.8305,1
52.3982,40.0479,3
46.0462,73.3896,2
33.9683,31.0012,1
19.2057,34.3182,1
36.4057,97.8707,3
49.4758,22.0202,2
22.3177,32.5806,1
53.9055,38.8488,3
19.0591,69.6700,1
35.0284,38.0681,2
40.1664,27.7606,2
10.8716,26.5932,1
26.4191,98.0013,3
34.6261,80.3781,2
24.4673,77.5471,2
53.4782,48.6209,3
54.9577,71.0728,3
43.6866,40.1734,2
38.9391,60.8805,2
53.0381,92.3740,3
27.8503,95.7496,3
49.8166,67.2307,2
13.6953,32.8632,1
13.4593,28.6395,1
53.9629,36.9734,3
41.0885,70.9223,2
38.4015,36.5363,2
36.0706,70.0431,2
35.6682,34.8930,2
42.5377,25.8595,2
36.6040,54.9007,2
21.2629,84.5911,2
17.9152,94.6385,2
49.8054,48.8470,2
23.7319,30.9989,1
51.2348,70.2025,3
11.4303,60.8800,1
13.8610,65.9001,1
32.9033,26.6277,1
46.7137,40.9854,2
34.3668,71.1231,1
53.3037,59.5049,3
51.2792,48.3886,3
48.5847,38.8661,2
41.8366,27.0890,2
54.3723,96.3149,3
29.8996,61.9148,1
36.8999,42.0030,2
40.3512,75.8850,2
33.6284,31.8193,1
51.3634,29.2036,3
38.3127,28.2471,2
16.5745,21.6431,1
26.3514,71.1666,1
33.4695,73.9631,1
40.3758,31.2139,2
12.5802,70.0286,1
39.3951,64.5363,2
21.0593,84.8612,2
13.4059,70.5849,1
15.4185,72.3558,1
28.7977,77.4482,2
12.3486,64.4066,1
16.5195,74.5905,1
15.3980,25.8867,1
42.0905,25.0826,2
20.1039,85.9788,2
46.4360,88.3301,2
24.6745,62.2438,1
44.8006,30.9588,2
42.5976,27.7989,2
51.0963,70.9848,3
32.1987,58.7783,1
18.1613,47.6734,1
42.7206,63.2755,2
33.8188,35.6197,1
41.0663,51.3627,2
18.2239,95.5028,3
32.8059,62.2429,1
54.1617,49.3125,3
52.4359,75.5940,3
38.4893,38.7535,2
12.3290,55.0227,1
10.4577,25.6802,1
36.7897,77.9577,2
17.5577,78.6000,2
52.7377,79.4541,3
45.3122,76.0570,2
20.1132,48.8712,1
52.7170,72.8968,3
45.5061,97.4956,3
20.4147,45.7349,1
39.0161,21.9486,2
35.7049,84.6951,2
37.4700,43.6315,2
42.5847,31.6825,2
50.2648,28.0732,3
48.8571,59.8248,2
29.2891,60.0529,1
19.0093,56.6148,1
48.2374,84.0764,2
17.3372,73.8737,1
48.5577,85.5814,2
29.1535,23.8474,1
51.9026,51.6708,3
26.2439,80.7612,2
21.8787,86.7798,2
13.4223,79.2569,2
53.4605,99.6615,3
51.5712,89.6610,3
22.5496,97.3319,3
51.7553,62.7498,3
28.0935,28.7414,1
36.5785,76.0437,2
28.1798,52.4824,1
35.7990,22.2227,2
53.1040,43.1925,3
16.3401,20.4391,1
48.5601,89.0566,2
14.2888,32.1793,1
30.1556,34.8563,1
43.1119,24.6432,2
34.7369,50.6233,1
30.9226,53.9806,1
16.8922,37.6225,1
12.9163,29.2228,1
54.0053,42.3829,3
23.8161,30.1685,1
43.9824,93.9314,2
45.5388,69.0093,2
46.5955,52.3384,2
48.6774,83.8815,2
10.0776,59.0235,1
21.9077,26.8986,1
48.0788,20.6360,2
42.8574,99.0554,3
31.6909,49.6992,1
37.2625,84.3758,2
20.8113,40.0561,1
37.3230,95.1904,3
23.4298,50.1404,1
54.7000,34.0978,3
13.4636,67.1804,1
11.0920,34.4347,1
37.9994,72.7610,2
32.9691,50.6998,1
35.9289,71.4709,2
46.1567,83.4201,2
39.9160,91.5386,2
47.7111,30.6597,2
53.0506,91.3394,3
24.4417,21.6148,1
37.1789,55.0734,2
43.7305,61.9680,2
13.4421,39.5750,1
49.7136,23.0152,2
43.1501,43.3555,2
30.3688,62.4804,1
21.2537,72.1568,1
41.2049,26.8048,2
26.8267,79.5502,2
42.4737,63.5683,2
44.9954,28.6116,2
15.3195,72.5991,1
41.2000,85.1621,2
18.1467,61.3417,1
39.7374,37.8960,2
33.2618,71.0756,1
19.6502,50.0451,1
19.7352,92.2354,2
20.6560,29.6668,1
11.5820,23.5963,1
18.6214,68.6567,1
10.7942,42.9395,1
12.6175,52.2927,1
12.1860,68.6033,1
40.9791,78.5070,2
20.0955,89.4800,2
41.0630,24.5320,2
29.8345,81.4205,2
23.9902,50.5247,1
38.3322,24.4385,2
53.5121,33.9585,3
11.2002,20.4258,1
27.9799,90.7403,2
46.8893,92.9637,2
34.0202,55.8997,1
27.3637,23.7134,1
50.9285,59.6941,3
30.4780,61.2134,1
45.7370,37.9577,2
41.9455,76.8616,2
48.2299,20.6947,2
17.6678,57.6837,1
48.2743,97.2094,3
36.7691,36.9707,2
18.3063,71.1555,1
19.4531,64.2470,1
47.5665,51.1856,2
27.0312,22.8912,1
21.4338,75.8553,2
26.2176,32.6639,1
14.7595,27.6043,1
39.6610,69.0097,2
33.3334,60.0261,1
16.8912,60.0483,1
12.6972,94.0687,2
12.6112,53.8824,1
10.0257,82.8920,2
17.4777,93.9933,2
11.9790,85.6630,2
39.5487,39.9789,2
19.1089,48.6142,1
47.2781,88.9565,2
17.8878,48.2758,1
20.6871,29.8114,1
39.0902,47.6697,2
20.1423,89.2798,2
43.6743,81.9009,2
11.7638,93.2104,2
35.8632,60.3042,2
10.4763,91.8130,2
34.4751,86.0123,2
39.4980,83.7355,2
41.1819,93.6771,2
20.1468,36.1680,1
42.0644,60.1116,2
36.9623,76.6834,2
34.6343,83.0155,2
24.3490,88.7192,2
14.8454,70.7203,1
50.0560,40.2155,3
24.7076,44.4353,1
35.3919,53.0297,2
14.8582,91.3030,2
19.2104,62.7264,1
36.7662,23.2601,2
14.3071,97.7352,3
39.9031,22.6852,2
45.7390,60.6834,2
13.3840,74.4602,1
32.4708,36.3936,1
49.4966,43.3104,2
22.8050,41.8219,1
44.5355,76.4895,2
50.6416,38.3471,3
45.3864,65.8436,2
23.8906,22.8363,1
46.8526,39.2857,2
38.4284,63.9094,2
10.2002,99.5475,3
46.6448,58.9177,2
40.6154,58.1275,2
43.5064,30.7463,2
30.0858,46.8430,1
30.6845,56.0378,1
16.4392,98.1191,3
10.6971,20.8058,1
26.8049,69.6301,1
18.0844,62.6555,1
42.5247,27.5248,2
54.2990,46.9361,3
38.9087,28.8576,2
41.9269,87.2365,2
14.7378,30.0691,1
22.6471,20.9549,1
54.3723,67.8707,3
37.3415,96.7170,3
47.4413,85.1394,2
25.2776,46.7891,1
23.1282,47.7357,1
26.6279,31.2003,1
26.0177,55.7398,1
23.9206,33.2278,1
26.8035,58.4726,1
42.4328,76.8990,2
19.1213,22.9324,1
23.6710,32.5709,1
27.8105,98.3477,3
18.1482,45.5099,1
42.6301,60.7346,2
11.9768,32.9352,1
52.0862,28.2532,3
38.5792,83.3861,2
21.9448,78.0062,2
17.6453,42.7800,1
24.0320,99.7148,3
19.6558,30.3366,1
51.6561,32.9545,3
49.5676,72.0365,2
35.9588,80.1071,2
42.6700,28.8421,2
54.9760,95.3512,3
50.3466,69.7831,3
33.5256,62.9023,1
10.6722,59.9576,1
38.0696,72.6965,2
24.9463,57.7026,1
38.6340,54.2644,2
53.2961,76.4354,3
10.0573,21.8624,1
41.0635,53.0116,2
47.7762,33.8412,2
10.6222,51.0466,1
43.1229,97.7382,3
49.7644,58.7260,2
46.5768,25.6264,2
35.7523,93.9439,2
27.8373,96.8081,3
19.9308,28.4507,1
33.6143,92.5798,2
24.0076,84.0128,2
17.6139,79.6456,2
35.0662,34.0014,2
42.3139,77.1005,2
33.1946,38.0374,1
15.9532,96.5804,3
39.5116,84.7393,2
41.3637,86.3579,2
17.3121,59.7560,1
40.0206,28.2712,2
16.7481,70.7186,1
49.0918,72.8333,2
11.6292,97.6346,3
16.2778,38.6050,1
53.8735,81.6826,3
52.1460,84.5296,3
39.3281,42.7642,2
24.7097,95.7817,3
48.7282,48.7592,2
26.7970,43.8156,1
24.6759,88.8534,2
10.4728,54.8842,1
52.4278,63.4109,3
30.2701,44.9896,1
13.3261,37.9589,1
14.0706,30.1360,1
17.3582,44.1624,1
10.4958,96.0115,3
15.5719,50.6519,1
49.5787,28.5254,2
31.7622,87.5827,2
35.0633,36.8275,2
43.0979,74.5073,2
26.2984,23.7036,1
10.3539,86.0314,2
24.4701,31.0216,1
33.3348,93.6667,2
10.3816,24.4915,1
28.7670,74.0773,1
31.4245,91.8039,2
11.9838,47.2113,1
25.8107,47.2102,1
31.9459,83.2462,2
24.3047,79.5587,2
16.5909,64.8580,1
26.8790,63.1369,1
14.8487,96.2770,3
50.7796,86.1117,3
50.1752,31.7350,3
32.6675,45.4327,1
49.9324,35.1550,2
19.8975,74.9372,1
14.0005,78.5894,2
22.0657,72.8748,1
49.2867,68.7689,2
19.5708,23.9332,1
12.0076,27.1049,1
36.0918,47.8574,2
20.9398,37.5445,1
52.6862,29.5053,3
23.7166,57.7182,1
10.0202,93.6763,2
14.4594,74.5976,1
38.2989,84.7251,2
39.3124,81.5510,2
28.9562,59.0964,1
41.5748,65.4741,2
33.0192,36.4447,1
21.6149,48.6798,1
10.4178,53.3891,1
10.1246,65.2012,1
41.6813,64.9719,2
41.2084,20.0011,2
12.6749,75.8770,2
46.1305,77.4161,2
39.8356,76.5906,2
43.2815,77.9502,2
43.2104,25.9216,2
12.8472,48.8896,1
33.7419,81.0095,2
25.0619,42.0094,1
45.1652,39.9469,2
46.9379,34.1707,2
26.1763,52.0860,1
23.4780,20.2686,1
20.5979,47.0123,1
24.1131,82.8444,2
12.1315,51.1159,1
11.6882,94.4518,2
45.5594,98.5729,3
50.9572,45.2650,3
41.1213,44.5243,2
49.9695,52.8602,2
26.9149,93.1255,2
47.6533,97.3131,3
12.9920,39.4671,1
23.5386,53.9482,1
31.2909,43.3178,1
45.5703,37.8595,2
41.3433,88.1415,2
37.1664,48.3327,2
18.4551,30.7477,1
43.4879,57.5306,2
12.0844,98.7072,3
40.2086,87.5346,2
29.7185,96.4351,3
18.9786,34.8109,1
50.0651,91.3374,3
32.4559,30.0629,1
23.7347,80.3322,2
48.0696,47.8124,2
12.7555,73.2581,1
43.2774,53.9212,2
36.2394,98.9897,3
21.0249,65.8382,1
37.4932,63.9286,2
49.1108,68.4006,2
32.8550,29.8412,1
41.6444,30.5686,2
11.1956,59.0825,1
35.7600,99.9243,3
42.0547,87.8872,2
25.5875,60.7132,1
53.8421,53.3911,3
46.3281,62.0791,2
20.0783,66.4335,1
19.8128,20.2422,1
20.6153,35.4515,1
26.6915,91.0878,2
27.4534,87.6150,2
35.0026,20.6092,2
18.4932,94.5022,2
37.1878,94.3637,2
23.9554,77.3250,2
44.7411,98.0560,3
10.8179,96.1790,3
27.6216,87.0394,2
34.5121,65.1720,1
26.1720,86.2778,2
21.8806,59.3793,1
35.2079,79.4017,2
31.2236,74.4226,1
31.8382,72.7457,1
40.3365,76.7553,2
47.0485,63.2578,2
18.6975,74.3713,1
13.4703,37.5164,1
45.6471,54.8056,2
32.4120,98.9918,3
20.5828,21.5642,1
15.0118,39.5602,1
42.6664,82.0658,2
35.4470,40.4037,2
33.4784,21.1966,1
40.6810,69.1438,2
10.9808,85.3609,2
44.3542,44.6579,2
38.5919,68.1194,2
16.4431,35.4607,1
40.7443,94.6841,2
35.9328,65.4250,2
39.1007,55.2463,2
12.4377,51.7203,1
50.5113,84.3957,3
51.7341,32.2265,3
32.7681,66.7783,1
19.4466,36.0776,1
45.1915,73.7482,2
39.1234,41.3590,2
32.8046,21.8456,1
15.8476,61.4601,1
23.9353,97.2536,3
31.2168,26.6851,1
10.8029,78.0206,2
17.7178,35.0250,1
29.0713,41.1248,1
37.7460,58.8554,2
15.0153,82.7793,2
29.1636,68.8667,1
10.1774,70.1120,1
22.7282,59.5497,1
23.3974,99.7009,3
20.3879,93.0288,2
51.3085,53.6801,3
23.6801,50.4828,1
54.5203,69.5037,3
34.5151,22.8734,1
48.1529,26.7044,2
12.1138,41.9886,1
31.4105,91.6231,2
45.5535,35.8106,2
26.7436,82.4192,2
33.7192,33.9594,1
27.8225,70.0749,1
53.7952,72.9450,3
10.7288,76.4007,2
21.2889,88.9727,2
27.2750,35.9692,1
31.0576,40.4158,1
20.6120,65.8609,1
44.5306,86.7963,2
27.8951,25.3443,1
31.7789,54.7025,1
18.8641,91.6916,2
53.8367,24.1398,3
45.8086,71.6573,2
21.7646,70.8125,1
15.7889,25.5525,1
54.7070,70.9096,3
21.3950,56.0027,1
52.7540,55.0980,3
50.5200,89.5047,3
25.4870,75.6807,2
39.7224,81.6970,2
26.4668,24.1789,1
17.6968,69.3243,1
44.8795,80.4839,2
36.2657,26.7807,2
10.7780,82.5713,2
34.7219,82.6170,2
17.3255,52.5939,1
51.3626,33.7278,3
12.7687,72.2774,1
36.7541,96.1624,3
50.7911,79.9544,3
10.8621,58.4310,1
50.3246,54.6921,3
53.2966,72.1990,3
14.9256,60.7418,1
41.3028,25.2295,2
25.5092,77.3665,2
17.0682,47.8672,1
41.0460,82.0433,2
33.3330,96.5486,3
51.6399,57.8750,3
17.2123,81.8345,2
20.9413,87.4257,2
36.4215,51.5274,2
35.0373,62.6247,2
51.6130,37.1490,3
51.7671,22.5073,3
44.6141,93.5734,2
27.7323,25.8454,1
46.2100,87.4292,2
25.1316,61.4875,1
46.4261,35.3634,2
38.3039,54.4505,2
17.8487,86.5152,2
24.6106,94.7541,2
35.6020,61.1608,2
29.0488,52.0537,1
46.8085,74.2001,2
44.8161,53.6867,2
21.7647,26.9492,1
44.9495,53.2221,2
32.9151,57.5475,1
29.4012,74.7120,1
37.3930,97.7643,3
16.2507,65.8815,1
12.8458,84.6335,2
37.7340,54.2703,2
46.1006,56.4002,2
20.2504,57.8001,1
13.1874,91.8289,2
42.8931,80.8253,2
49.3522,83.3258,2
29.4334,29.4909,1
26.8014,94.7268,2
52.7091,81.4297,3
19.1994,35.5560,1
49.5897,31.3533,2
36.2862,50.2601,2
23.5905,74.1906,1
53.1806,82.2107,3
31.8773,55.2569,1
50.8449,66.2486,3
32.3488,74.6269,1
20.6719,25.0988,1
48.4800,68.5809,2
17.4195,43.8438,1
54.5470,70.7539,3
38.6250,25.7731,2
53.6046,91.4226,3
34.6502,44.7511,1
41.4125,86.6700,2
45.3755,98.1638,3
38.6585,45.6980,2
32.4067,85.3054,2
21.9404,38.5127,1
42.6176,55.5542,2
46.7457,31.4947,2
25.1063,41.4480,1
41.4041,80.7463,2
30.5201,58.2424,1
15.9414,76.1462,2
54.6543,82.2337,3
20.0401,69.8498,1
23.2731,22.4141,1
18.0920,28.2075,1
18.8170,83.6484,2
23.1774,80.5632,2
52.6988,65.9418,3
31.8434,80.0102,2
14.3691,54.2570,1
32.4471,86.4841,2
46.6398,87.8612,2
41.4043,62.4445,2
47.2546,89.8626,2
31.6218,98.8530,3
49.3668,60.8376,2
13.1179,37.9594,1
44.9379,28.8923,2
31.1410,68.3882,1
49.5256,87.7691,2
44.3925,52.6155,2
16.4012,73.5719,1
18.1580,64.9052,1
54.1305,64.0248,3
39.0501,74.2060,2
47.3675,54.7985,2
32.3879,34.0778,1
37.6606,43.6606,2
32.8431,81.3246,2
10.7906,65.1132,1
17.8050,42.3507,1
11.5621,33.5570,1
54.3983,99.8818,3
42.3932,68.9485,2
44.9653,91.7243,2
33.3687,22.8227,1
41.9228,98.7682,3
21.6124,57.0772,1
26.2573,51.2374,1
42.4630,50.2724,2
52.3488,83.1727,3
11.2441,85.4839,2
44.7786,61.3195,2
32.3568,86.8422,2
29.1153,32.7570,1
24.0804,41.2162,1
40.6477,34.3099,2
39.0148,57.2774,2
47.7847,58.7999,2
51.8412,92.0375,3
18.3379,74.8933,1
19.6581,85.8643,2
38.6075,43.5294,2
21.2106,54.3662,1
46.0325,83.6929,2
11.5019,44.1830,1
29.0283,66.8466,1
16.7287,46.8226,1
49.8519,58.1238,2
43.4864,58.7823,2
30.9242,69.7540,1
21.6714,39.9842,1
54.5209,89.5194,3
43.1990,30.9716,2
11.3601,34.0330,1
52.1979,85.3032,3
33.5384,97.5024,3
16.5962,64.7320,1
18.2450,44.5143,1
52.3061,89.4623,3
14.5809,39.9635,1
36.7528,24.9082,2
34.7538,66.7593,1
23.0935,43.4498,1
20.3086,94.8541,2
27.4992,66.8215,1
23.5709,76.2131,2
14.5649,25.7313,1
43.4928,78.1334,2
21.9251,48.4037,1
53.0767,28.3464,3
18.2416,54.4031,1
22.6945,71.9207,1
41.0771,62.1110,2
37.5039,54.6737,2
44.2174,23.3679,2
24.0801,74.7544,1
24.8340,26.2828,1
25.5256,76.9196,2
15.4893,77.9705,2
44.8955,70.8241,2
20.9905,84.4236,2
19.6499,92.4657,2
41.7991,24.3776,2
45.9679,60.5147,2
30.3692,53.6409,1
37.2984,77.9663,2
50.3189,41.8356,3
38.3849,74.9074,2
40.3659,59.4401,2
27.5960,80.9903,2
23.5004,36.6443,1
34.5623,41.4089,1
11.4955,24.1261,1
41.2755,97.8517,3
30.4610,31.7649,1
46.8137,40.9149,2
54.8032,65.0611,3
20.4685,59.6804,1
25.0922,82.3578,2
14.7617,88.5602,2
44.5302,88.9091,2
50.2747,38.3822,3
33.4453,87.9938,2
26.9825,24.8326,1
23.1235,39.3536,1
49.1528,57.1077,2
40.7595,96.9695,3
23.4635,80.8960,2
11.0244,28.3293,1
17.2839,44.9935,1
28.1344,58.1613,1
21.0399,25.2972,1
40.4885,21.8929,2
46.4262,94.3324,2
41.9666,67.6768,2
39.5658,72.1778,2
51.9267,97.1445,3
29.2020,69.3663,1
46.1263,20.0831,2
33.7157,72.2301,1
42.2742,49.5032,2
23.3040,34.5714,1
35.1017,93.5443,2
50.3190,48.7973,3
21.6035,83.1035,2
42.6241,60.4272,2
27.5064,29.9038,1
45.3312,69.3972,2
26.9597,93.5030,2
39.6853,94.3391,2
31.3486,56.3694,1
52.1758,96.7833,3
53.2345,85.5118,3
30.8083,36.8239,1
27.2548,95.0638,3
26.3599,80.5374,2
51.5352,97.6314,3
52.6453,64.4046,3
32.1346,99.0112,3
19.8181,35.0024,1
53.3432,75.1356,3
34.1337,30.5640,1
33.0958,95.5377,3
37.1301,52.3703,2
34.7996,90.8916,2
51.0782,52.0071,3
37.3627,42.3362,2
30.2988,37.5906,1
33.9163,66.2592,1
25.2027,41.7695,1
16.7962,31.1635,1
42.0158,37.7310,2
15.3090,99.9097,3
21.6962,91.6839,2
37.4134,77.2056,2
35.2414,34.4649,2
48.1173,86.2378,2
25.7358,81.1081,2
34.4368,92.7239,2
46.1271,23.2797,2
49.5674,97.4853,3
43.3970,29.5931,2
46.3319,71.7991,2
25.2472,90.7224,2
35.4505,88.2342,2
40.1551,43.0813,2
53.8758,65.6804,3
33.2540,52.2808,1
16.1355,74.8970,1
29.3860,94.7690,2
53.4294,81.4113,3
20.9123,77.2784,2
10.9190,86.1120,2
32.2128,94.9392,2
26.9992,41.0539,1
54.7775,62.4542,3
48.8432,92.8846,2
33.3311,56.4571,1
34.8799,87.8192,2
53.4097,46.2658,3
43.2384,42.8300,2
37.4929,84.3832,2
49.8919,55.8973,2
26.6390,40.2761,1
16.0038,49.1934,1
49.2390,53.5048,2
24.2782,79.1306,2
19.7013,40.5029,1
52.1159,26.5272,3
28.6584,66.1401,1
20.3617,42.4810,1
19.9830,47.6148,1
50.4328,54.5270,3
28.8023,50.9265,1
53.3852,29.3840,3
49.2344,46.1729,2
53.0430,45.2182,3
13.7293,61.6034,1
20.2540,80.2392,2
39.5788,74.9175,2
18.7070,76.6904,2
24.0099,99.8939,3
42.9295,67.2329,2
49.0203,67.1449,2
34.8737,38.9852,1
40.5150,49.9716,2
11.9387,85.2849,2
12.3343,73.7840,1
17.0524,54.6056,1
48.6591,27.5536,2
40.0218,69.0095,2
49.0388,33.8188,2
45.9904,56.0097,2
29.2890,48.9427,1
27.3508,61.5968,1
14.8060,54.0053,1
39.3392,59.8554,2
17.4623,49.0441,1
29.9333,73.5100,1
50.5345,64.0300,3
40.4366,26.1752,2
52.9510,45.2167,3
25.9431,37.8274,1
13.8102,83.2037,2
20.8221,42.6150,1
18.1808,97.9908,3
45.1466,94.3920,2
48.7775,92.5037,2
31.5565,33.6433,1
24.7096,43.3961,1
42.2710,22.0538,2
16.3919,74.6308,1
15.5549,23.8633,1
14.9147,75.2539,2
16.2696,31.7043,1
20.3635,80.0729,2
19.0159,22.8300,1
50.7639,90.1055,3
18.3169,41.2274,1
18.4851,77.5628,2
21.2504,94.5160,2
47.2438,67.0721,2
10.4022,90.6936,2
42.7493,83.0326,2
13.2321,76.6848,2
46.2065,96.5308,3
36.1212,60.6433,2
29.1429,76.1030,2
51.4370,67.9804,3
20.2278,21.4059,1
37.8601,89.1678,2
12.9689,51.8057,1
52.3021,60.1342,3
19.9296,48.2925,1
28.3663,29.3832,1
39.7356,67.3731,2
39.1475,68.8633,2
10.7502,33.9570,1
17.4507,27.8361,1
43.0964,29.6110,2
40.0687,34.2712,2
15.3240,33.0024,1
32.8782,71.6386,1
46.5366,30.2850,2
37.7284,81.9072,2
24.0582,26.3772,1
17.0176,27.3247,1
49.9245,50.1361,2
33.5507,81.4950,2
26.7174,71.9282,1
13.4506,58.4725,1
14.3434,39.8627,1
23.2003,77.4067,2
40.3347,79.7664,2
12.7790,99.5131,3
12.4489,86.0598,2
43.3121,67.3409,2
29.7486,80.5706,2
43.2936,30.9743,2
45.6685,26.2846,2
32.5246,71.6065,1
46.9760,57.0488,2
20.6586,59.2528,1
21.2594,62.2980,1
30.8129,82.4404,2
20.8041,35.9988,1
31.3383,24.0403,1
20.3203,48.2964,1
31.9433,41.5549,1
35.2286,90.2732,2
34.4677,42.9472,1
12.7891,30.9333,1
35.2548,74.6967,2
12.2351,34.8440,1
24.3587,45.5818,1
53.1283,36.3016,3
12.8134,48.2412,1
16.0499,30.1266,1
28.3353,44.5113,1
14.1277,68.3443,1
32.5765,26.1680,1
48.8235,42.7770,2
53.2621,94.5231,3
29.5343,38.2854,1
47.5684,48.9029,2
17.3598,64.1286,1
32.0231,88.0014,2
42.8177,90.0912,2
43.0616,71.3740,2
32.5080,99.0043,3
53.1624,87.9082,3
44.8894,66.2048,2
21.6889,90.0351,2
10.4867,38.1952,1
28.1680,66.8926,1
35.2396,34.0653,2
14.7159,37.7863,1
25.6919,21.1243,1
41.1605,39.8182,2
25.8132,46.7921,1
33.0323,88.7840,2
16.7225,47.2582,1
41.1413,23.5385,2
47.3490,96.9460,3
37.3437,96.5207,3
28.5878,53.2025,1
14.7812,22.8358,1
21.0027,58.2503,1
32.8457,37.4060,1
37.5763,34.4965,2
24.6795,35.6568,1
41.3499,61.3258,2
43.1245,24.5799,2
29.1413,97.3567,3
12.4129,53.4703,1
11.8179,31.7323,1
30.8137,32.6011,1
33.3440,93.8185,2
19.0183,28.5749,1
47.1374,56.8216,2
49.7175,44.4899,2
38.2389,93.8651,2
17.7263,84.0583,2
38.4183,85.0357,2
17.6812,54.7269,1
15.7977,96.8066,3
12.8211,25.2387,1
50.4170,44.0610,3
36.8659,42.9980,2
39.1941,35.3975,2
30.6491,62.6794,1
25.0139,40.1360,1
16.3093,76.4915,2
17.5727,43.3701,1
25.1609,56.3493,1
41.6156,54.2356,2
49.1992,74.3829,2
47.7319,77.3083,2
16.6884,98.2342,3
45.3964,65.8177,2
17.4354,33.8145,1
37.6449,53.2958,2
40.4137,49.7942,2
33.0780,35.0366,1
16.9841,26.0516,1
46.8838,64.4309,2
52.6213,79.9589,3
44.5943,60.7247,2
46.6954,95.3651,3
42.4783,28.4471,2
39.2959,29.6347,2
13.4750,75.4320,2
47.5653,32.7073,2
13.3367,90.9218,2
15.9494,22.8069,1
42.4474,87.8172,2
33.1513,63.1940,1
25.1587,39.0771,1
43.9854,87.9427,2
24.4560,41.9055,1
22.0506,24.0476,1
22.6484,22.0521,1
45.4783,40.4741,2
41.0570,63.4551,2
47.6859,96.8303,3
26.5281,27.0673,1
43.7341,21.7042,2
20.0333,24.2601,1
50.4167,20.4238,3
32.1734,53.9199,1
39.3735,43.1795,2
49.3163,78.7477,2
29.4532,48.6421,1
46.7150,80.5648,2
27.9550,47.3097,1
11.7500,26.5366,1
12.4263,21.9532,1
16.8793,88.5713,2
45.9172,87.6459,2
38.0710,69.9250,2
15.5769,75.9172,2
22.6012,61.5403,1
52.9625,89.6492,3
20.4937,78.9321,2
14.6841,22.1394,1
11.2678,33.6197,1
41.2727,49.0645,2
10.7174,99.0418,3
34.0020,51.5104,1
33.3482,61.5977,1
31.1606,69.0359,1
49.8532,44.1371,2
31.9136,20.2915,1
48.6916,44.4723,2
22.2084,99.8030,3
36.2977,29.8435,2
21.9486,48.2581,1
54.3727,54.4497,3
20.3560,65.5785,1
28.2142,24.3968,1
48.7414,21.2550,2
50.4318,83.3487,3
13.4120,77.8889,2
44.6924,68.1846,2
35.9952,23.9750,2
